alpha,beta,lambda,rho,status,expected_return,risk_value,risk_bound,risk_slack,similarity,objective,effective_assets,w_招商银行,w_长江电力,w_美的集团,w_迈瑞医疗
0.0,0.0,0.0,1.0,optimal,0.00016262917736431474,0.0007158397231521562,0.014614948828691503,0.013899109105539348,1.0,0.00016262917736431474,1.0,1.0,0.0,0.0,0.0
0.0,0.1,0.0,1.0,optimal,0.00016262917736431474,0.0008879558280279714,0.014252885615776806,0.013364929787748834,1.0,0.00016262917736431474,1.0,1.0,0.0,0.0,0.0
0.0,0.2,0.0,1.0,optimal,0.00016262917736431474,0.0010600719329037867,0.013890822402862109,0.012830750469958322,1.0,0.00016262917736431474,1.0,1.0,0.0,0.0,0.0
0.0,0.3,0.0,1.0,optimal,0.00016262917736431474,0.0012321880377796019,0.013528759189947408,0.012296571152167805,1.0,0.00016262917736431474,1.0,1.0,0.0,0.0,0.0
0.0,0.4,0.0,1.0,optimal,0.00016262917736431474,0.0014043041426554169,0.01316669597703271,0.011762391834377293,1.0,0.00016262917736431474,1.0,1.0,0.0,0.0,0.0
0.0,0.5,0.0,1.0,optimal,0.00016262917736431474,0.0015764202475312323,0.012804632764118013,0.011228212516586782,1.0,0.00016262917736431474,1.0,1.0,0.0,0.0,0.0
0.0,0.6,0.0,1.0,optimal,0.00016262917736431474,0.0017485363524070473,0.012442569551203316,0.01069403319879627,1.0,0.00016262917736431474,1.0,1.0,0.0,0.0,0.0
0.0,0.7,0.0,1.0,optimal,0.00016262917736431474,0.0019206524572828627,0.012080506338288617,0.010159853881005754,1.0,0.00016262917736431474,1.0,1.0,0.0,0.0,0.0
0.0,0.8,0.0,1.0,optimal,0.00016262917736431474,0.0020927685621586777,0.01171844312537392,0.009625674563215243,1.0,0.00016262917736431474,1.0,1.0,0.0,0.0,0.0
0.0,0.9,0.0,1.0,optimal,0.00016262917736431474,0.0022648846670344927,0.01135637991245922,0.009091495245424727,1.0,0.00016262917736431474,1.0,1.0,0.0,0.0,0.0
0.0,1.0,0.0,1.0,optimal,0.00016262917736431474,0.002437000771910308,0.010994316699544524,0.008557315927634215,1.0,0.00016262917736431474,1.0,1.0,0.0,0.0,0.0
0.1,0.0,0.0,1.0,optimal,0.00024725549938868144,0.0007158397231521562,0.014614948828691503,0.013899109105539348,1.0,0.00024725549938868144,1.0,1.0,0.0,0.0,0.0
0.1,0.1,0.0,1.0,optimal,0.00024725549938868144,0.0008879558280279714,0.014252885615776806,0.013364929787748834,1.0,0.00024725549938868144,1.0,1.0,0.0,0.0,0.0
0.1,0.2,0.0,1.0,optimal,0.00024725549938868144,0.0010600719329037867,0.013890822402862109,0.012830750469958322,1.0,0.00024725549938868144,1.0,1.0,0.0,0.0,0.0
0.1,0.3,0.0,1.0,optimal,0.00024725549938868144,0.0012321880377796019,0.013528759189947408,0.012296571152167805,1.0,0.00024725549938868144,1.0,1.0,0.0,0.0,0.0
0.1,0.4,0.0,1.0,optimal,0.00024725549938868144,0.0014043041426554169,0.01316669597703271,0.011762391834377293,1.0,0.00024725549938868144,1.0,1.0,0.0,0.0,0.0
0.1,0.5,0.0,1.0,optimal,0.00024725549938868144,0.0015764202475312323,0.012804632764118013,0.011228212516586782,1.0,0.00024725549938868144,1.0,1.0,0.0,0.0,0.0
0.1,0.6,0.0,1.0,optimal,0.00024725549938868144,0.0017485363524070473,0.012442569551203316,0.01069403319879627,1.0,0.00024725549938868144,1.0,1.0,0.0,0.0,0.0
0.1,0.7,0.0,1.0,optimal,0.00024725549938868144,0.0019206524572828627,0.012080506338288617,0.010159853881005754,1.0,0.00024725549938868144,1.0,1.0,0.0,0.0,0.0
0.1,0.8,0.0,1.0,optimal,0.00024725549938868144,0.0020927685621586777,0.01171844312537392,0.009625674563215243,1.0,0.00024725549938868144,1.0,1.0,0.0,0.0,0.0
0.1,0.9,0.0,1.0,optimal,0.00024725549938868144,0.0022648846670344927,0.01135637991245922,0.009091495245424727,1.0,0.00024725549938868144,1.0,1.0,0.0,0.0,0.0
0.1,1.0,0.0,1.0,optimal,0.00024725549938868144,0.002437000771910308,0.010994316699544524,0.008557315927634215,1.0,0.00024725549938868144,1.0,1.0,0.0,0.0,0.0
0.2,0.0,0.0,1.0,optimal,0.00033188182141304816,0.0007158397231521562,0.014614948828691503,0.013899109105539348,1.0,0.00033188182141304816,1.0,1.0,0.0,0.0,0.0
0.2,0.1,0.0,1.0,optimal,0.00033188182141304816,0.0008879558280279714,0.014252885615776806,0.013364929787748834,1.0,0.00033188182141304816,1.0,1.0,0.0,0.0,0.0
0.2,0.2,0.0,1.0,optimal,0.00033188182141304816,0.0010600719329037867,0.013890822402862109,0.012830750469958322,1.0,0.00033188182141304816,1.0,1.0,0.0,0.0,0.0
0.2,0.3,0.0,1.0,optimal,0.00033188182141304816,0.0012321880377796019,0.013528759189947408,0.012296571152167805,1.0,0.00033188182141304816,1.0,1.0,0.0,0.0,0.0
0.2,0.4,0.0,1.0,optimal,0.00033188182141304816,0.0014043041426554169,0.01316669597703271,0.011762391834377293,1.0,0.00033188182141304816,1.0,1.0,0.0,0.0,0.0
0.2,0.5,0.0,1.0,optimal,0.00033188182141304816,0.0015764202475312323,0.012804632764118013,0.011228212516586782,1.0,0.00033188182141304816,1.0,1.0,0.0,0.0,0.0
0.2,0.6,0.0,1.0,optimal,0.00033188182141304816,0.0017485363524070473,0.012442569551203316,0.01069403319879627,1.0,0.00033188182141304816,1.0,1.0,0.0,0.0,0.0
0.2,0.7,0.0,1.0,optimal,0.00033188182141304816,0.0019206524572828627,0.012080506338288617,0.010159853881005754,1.0,0.00033188182141304816,1.0,1.0,0.0,0.0,0.0
0.2,0.8,0.0,1.0,optimal,0.00033188182141304816,0.0020927685621586777,0.01171844312537392,0.009625674563215243,1.0,0.00033188182141304816,1.0,1.0,0.0,0.0,0.0
0.2,0.9,0.0,1.0,optimal,0.00033188182141304816,0.0022648846670344927,0.01135637991245922,0.009091495245424727,1.0,0.00033188182141304816,1.0,1.0,0.0,0.0,0.0
0.2,1.0,0.0,1.0,optimal,0.00033188182141304816,0.002437000771910308,0.010994316699544524,0.008557315927634215,1.0,0.00033188182141304816,1.0,1.0,0.0,0.0,0.0
0.3,0.0,0.0,1.0,optimal,0.00041650814343741484,0.0007158397231521562,0.014614948828691503,0.013899109105539348,1.0,0.00041650814343741484,1.0,1.0,0.0,0.0,0.0
0.3,0.1,0.0,1.0,optimal,0.00041650814343741484,0.0008879558280279714,0.014252885615776806,0.013364929787748834,1.0,0.00041650814343741484,1.0,1.0,0.0,0.0,0.0
0.3,0.2,0.0,1.0,optimal,0.00041650814343741484,0.0010600719329037867,0.013890822402862109,0.012830750469958322,1.0,0.00041650814343741484,1.0,1.0,0.0,0.0,0.0
0.3,0.3,0.0,1.0,optimal,0.00041650814343741484,0.0012321880377796019,0.013528759189947408,0.012296571152167805,1.0,0.00041650814343741484,1.0,1.0,0.0,0.0,0.0
0.3,0.4,0.0,1.0,optimal,0.00041650814343741484,0.0014043041426554169,0.01316669597703271,0.011762391834377293,1.0,0.00041650814343741484,1.0,1.0,0.0,0.0,0.0
0.3,0.5,0.0,1.0,optimal,0.00041650814343741484,0.0015764202475312323,0.012804632764118013,0.011228212516586782,1.0,0.00041650814343741484,1.0,1.0,0.0,0.0,0.0
0.3,0.6,0.0,1.0,optimal,0.00041650814343741484,0.0017485363524070473,0.012442569551203316,0.01069403319879627,1.0,0.00041650814343741484,1.0,1.0,0.0,0.0,0.0
0.3,0.7,0.0,1.0,optimal,0.00041650814343741484,0.0019206524572828627,0.012080506338288617,0.010159853881005754,1.0,0.00041650814343741484,1.0,1.0,0.0,0.0,0.0
0.3,0.8,0.0,1.0,optimal,0.00041650814343741484,0.0020927685621586777,0.01171844312537392,0.009625674563215243,1.0,0.00041650814343741484,1.0,1.0,0.0,0.0,0.0
0.3,0.9,0.0,1.0,optimal,0.00041650814343741484,0.0022648846670344927,0.01135637991245922,0.009091495245424727,1.0,0.00041650814343741484,1.0,1.0,0.0,0.0,0.0
0.3,1.0,0.0,1.0,optimal,0.00041650814343741484,0.002437000771910308,0.010994316699544524,0.008557315927634215,1.0,0.00041650814343741484,1.0,1.0,0.0,0.0,0.0
0.4,0.0,0.0,1.0,optimal,0.0005011344654617815,0.0007158397231521562,0.014614948828691503,0.013899109105539348,1.0,0.0005011344654617815,1.0,1.0,0.0,0.0,0.0
0.4,0.1,0.0,1.0,optimal,0.0005011344654617815,0.0008879558280279714,0.014252885615776806,0.013364929787748834,1.0,0.0005011344654617815,1.0,1.0,0.0,0.0,0.0
0.4,0.2,0.0,1.0,optimal,0.0005011344654617815,0.0010600719329037867,0.013890822402862109,0.012830750469958322,1.0,0.0005011344654617815,1.0,1.0,0.0,0.0,0.0
0.4,0.3,0.0,1.0,optimal,0.0005011344654617815,0.0012321880377796019,0.013528759189947408,0.012296571152167805,1.0,0.0005011344654617815,1.0,1.0,0.0,0.0,0.0
0.4,0.4,0.0,1.0,optimal,0.0005011344654617815,0.0014043041426554169,0.01316669597703271,0.011762391834377293,1.0,0.0005011344654617815,1.0,1.0,0.0,0.0,0.0
0.4,0.5,0.0,1.0,optimal,0.0005011344654617815,0.0015764202475312323,0.012804632764118013,0.011228212516586782,1.0,0.0005011344654617815,1.0,1.0,0.0,0.0,0.0
0.4,0.6,0.0,1.0,optimal,0.0005011344654617815,0.0017485363524070473,0.012442569551203316,0.01069403319879627,1.0,0.0005011344654617815,1.0,1.0,0.0,0.0,0.0
0.4,0.7,0.0,1.0,optimal,0.0005011344654617815,0.0019206524572828627,0.012080506338288617,0.010159853881005754,1.0,0.0005011344654617815,1.0,1.0,0.0,0.0,0.0
0.4,0.8,0.0,1.0,optimal,0.0005011344654617815,0.0020927685621586777,0.01171844312537392,0.009625674563215243,1.0,0.0005011344654617815,1.0,1.0,0.0,0.0,0.0
0.4,0.9,0.0,1.0,optimal,0.0005011344654617815,0.0022648846670344927,0.01135637991245922,0.009091495245424727,1.0,0.0005011344654617815,1.0,1.0,0.0,0.0,0.0
0.4,1.0,0.0,1.0,optimal,0.0005011344654617815,0.002437000771910308,0.010994316699544524,0.008557315927634215,1.0,0.0005011344654617815,1.0,1.0,0.0,0.0,0.0
0.5,0.0,0.0,1.0,optimal,0.0005857607874861482,0.0007158397231521562,0.014614948828691503,0.013899109105539348,1.0,0.0005857607874861482,1.0,1.0,0.0,0.0,0.0
0.5,0.1,0.0,1.0,optimal,0.0005857607874861482,0.0008879558280279714,0.014252885615776806,0.013364929787748834,1.0,0.0005857607874861482,1.0,1.0,0.0,0.0,0.0
0.5,0.2,0.0,1.0,optimal,0.0005857607874861482,0.0010600719329037867,0.013890822402862109,0.012830750469958322,1.0,0.0005857607874861482,1.0,1.0,0.0,0.0,0.0
0.5,0.3,0.0,1.0,optimal,0.0005857607874861482,0.0012321880377796019,0.013528759189947408,0.012296571152167805,1.0,0.0005857607874861482,1.0,1.0,0.0,0.0,0.0
0.5,0.4,0.0,1.0,optimal,0.0005857607874861482,0.0014043041426554169,0.01316669597703271,0.011762391834377293,1.0,0.0005857607874861482,1.0,1.0,0.0,0.0,0.0
0.5,0.5,0.0,1.0,optimal,0.0005857607874861482,0.0015764202475312323,0.012804632764118013,0.011228212516586782,1.0,0.0005857607874861482,1.0,1.0,0.0,0.0,0.0
0.5,0.6,0.0,1.0,optimal,0.0005857607874861482,0.0017485363524070473,0.012442569551203316,0.01069403319879627,1.0,0.0005857607874861482,1.0,1.0,0.0,0.0,0.0
0.5,0.7,0.0,1.0,optimal,0.0005857607874861482,0.0019206524572828627,0.012080506338288617,0.010159853881005754,1.0,0.0005857607874861482,1.0,1.0,0.0,0.0,0.0
0.5,0.8,0.0,1.0,optimal,0.0005857607874861482,0.0020927685621586777,0.01171844312537392,0.009625674563215243,1.0,0.0005857607874861482,1.0,1.0,0.0,0.0,0.0
0.5,0.9,0.0,1.0,optimal,0.0005857607874861482,0.0022648846670344927,0.01135637991245922,0.009091495245424727,1.0,0.0005857607874861482,1.0,1.0,0.0,0.0,0.0
0.5,1.0,0.0,1.0,optimal,0.0005857607874861482,0.002437000771910308,0.010994316699544524,0.008557315927634215,1.0,0.0005857607874861482,1.0,1.0,0.0,0.0,0.0
0.6,0.0,0.0,1.0,optimal,0.000670387109510515,0.0007158397231521562,0.014614948828691503,0.013899109105539348,1.0,0.000670387109510515,1.0,1.0,0.0,0.0,0.0
0.6,0.1,0.0,1.0,optimal,0.000670387109510515,0.0008879558280279714,0.014252885615776806,0.013364929787748834,1.0,0.000670387109510515,1.0,1.0,0.0,0.0,0.0
0.6,0.2,0.0,1.0,optimal,0.000670387109510515,0.0010600719329037867,0.013890822402862109,0.012830750469958322,1.0,0.000670387109510515,1.0,1.0,0.0,0.0,0.0
0.6,0.3,0.0,1.0,optimal,0.000670387109510515,0.0012321880377796019,0.013528759189947408,0.012296571152167805,1.0,0.000670387109510515,1.0,1.0,0.0,0.0,0.0
0.6,0.4,0.0,1.0,optimal,0.000670387109510515,0.0014043041426554169,0.01316669597703271,0.011762391834377293,1.0,0.000670387109510515,1.0,1.0,0.0,0.0,0.0
0.6,0.5,0.0,1.0,optimal,0.000670387109510515,0.0015764202475312323,0.012804632764118013,0.011228212516586782,1.0,0.000670387109510515,1.0,1.0,0.0,0.0,0.0
0.6,0.6,0.0,1.0,optimal,0.000670387109510515,0.0017485363524070473,0.012442569551203316,0.01069403319879627,1.0,0.000670387109510515,1.0,1.0,0.0,0.0,0.0
0.6,0.7,0.0,1.0,optimal,0.000670387109510515,0.0019206524572828627,0.012080506338288617,0.010159853881005754,1.0,0.000670387109510515,1.0,1.0,0.0,0.0,0.0
0.6,0.8,0.0,1.0,optimal,0.000670387109510515,0.0020927685621586777,0.01171844312537392,0.009625674563215243,1.0,0.000670387109510515,1.0,1.0,0.0,0.0,0.0
0.6,0.9,0.0,1.0,optimal,0.000670387109510515,0.0022648846670344927,0.01135637991245922,0.009091495245424727,1.0,0.000670387109510515,1.0,1.0,0.0,0.0,0.0
0.6,1.0,0.0,1.0,optimal,0.000670387109510515,0.002437000771910308,0.010994316699544524,0.008557315927634215,1.0,0.000670387109510515,1.0,1.0,0.0,0.0,0.0
0.7,0.0,0.0,1.0,optimal,0.0007550134315348815,0.0007158397231521562,0.014614948828691503,0.013899109105539348,1.0,0.0007550134315348815,1.0,1.0,0.0,0.0,0.0
0.7,0.1,0.0,1.0,optimal,0.0007550134315348815,0.0008879558280279714,0.014252885615776806,0.013364929787748834,1.0,0.0007550134315348815,1.0,1.0,0.0,0.0,0.0
0.7,0.2,0.0,1.0,optimal,0.0007550134315348815,0.0010600719329037867,0.013890822402862109,0.012830750469958322,1.0,0.0007550134315348815,1.0,1.0,0.0,0.0,0.0
0.7,0.3,0.0,1.0,optimal,0.0007550134315348815,0.0012321880377796019,0.013528759189947408,0.012296571152167805,1.0,0.0007550134315348815,1.0,1.0,0.0,0.0,0.0
0.7,0.4,0.0,1.0,optimal,0.0007550134315348815,0.0014043041426554169,0.01316669597703271,0.011762391834377293,1.0,0.0007550134315348815,1.0,1.0,0.0,0.0,0.0
0.7,0.5,0.0,1.0,optimal,0.0007550134315348815,0.0015764202475312323,0.012804632764118013,0.011228212516586782,1.0,0.0007550134315348815,1.0,1.0,0.0,0.0,0.0
0.7,0.6,0.0,1.0,optimal,0.0007550134315348815,0.0017485363524070473,0.012442569551203316,0.01069403319879627,1.0,0.0007550134315348815,1.0,1.0,0.0,0.0,0.0
0.7,0.7,0.0,1.0,optimal,0.0007550134315348815,0.0019206524572828627,0.012080506338288617,0.010159853881005754,1.0,0.0007550134315348815,1.0,1.0,0.0,0.0,0.0
0.7,0.8,0.0,1.0,optimal,0.0007550134315348815,0.0020927685621586777,0.01171844312537392,0.009625674563215243,1.0,0.0007550134315348815,1.0,1.0,0.0,0.0,0.0
0.7,0.9,0.0,1.0,optimal,0.0007550134315348815,0.0022648846670344927,0.01135637991245922,0.009091495245424727,1.0,0.0007550134315348815,1.0,1.0,0.0,0.0,0.0
0.7,1.0,0.0,1.0,optimal,0.0007550134315348815,0.002437000771910308,0.010994316699544524,0.008557315927634215,1.0,0.0007550134315348815,1.0,1.0,0.0,0.0,0.0
0.8,0.0,0.0,1.0,optimal,0.0008396397535592483,0.0007158397231521562,0.014614948828691503,0.013899109105539348,1.0,0.0008396397535592483,1.0,1.0,0.0,0.0,0.0
0.8,0.1,0.0,1.0,optimal,0.0008396397535592483,0.0008879558280279714,0.014252885615776806,0.013364929787748834,1.0,0.0008396397535592483,1.0,1.0,0.0,0.0,0.0
0.8,0.2,0.0,1.0,optimal,0.0008396397535592483,0.0010600719329037867,0.013890822402862109,0.012830750469958322,1.0,0.0008396397535592483,1.0,1.0,0.0,0.0,0.0
0.8,0.3,0.0,1.0,optimal,0.0008396397535592483,0.0012321880377796019,0.013528759189947408,0.012296571152167805,1.0,0.0008396397535592483,1.0,1.0,0.0,0.0,0.0
0.8,0.4,0.0,1.0,optimal,0.0008396397535592483,0.0014043041426554169,0.01316669597703271,0.011762391834377293,1.0,0.0008396397535592483,1.0,1.0,0.0,0.0,0.0
0.8,0.5,0.0,1.0,optimal,0.0008396397535592483,0.0015764202475312323,0.012804632764118013,0.011228212516586782,1.0,0.0008396397535592483,1.0,1.0,0.0,0.0,0.0
0.8,0.6,0.0,1.0,optimal,0.0008396397535592483,0.0017485363524070473,0.012442569551203316,0.01069403319879627,1.0,0.0008396397535592483,1.0,1.0,0.0,0.0,0.0
0.8,0.7,0.0,1.0,optimal,0.0008396397535592483,0.0019206524572828627,0.012080506338288617,0.010159853881005754,1.0,0.0008396397535592483,1.0,1.0,0.0,0.0,0.0
0.8,0.8,0.0,1.0,optimal,0.0008396397535592483,0.0020927685621586777,0.01171844312537392,0.009625674563215243,1.0,0.0008396397535592483,1.0,1.0,0.0,0.0,0.0
0.8,0.9,0.0,1.0,optimal,0.0008396397535592483,0.0022648846670344927,0.01135637991245922,0.009091495245424727,1.0,0.0008396397535592483,1.0,1.0,0.0,0.0,0.0
0.8,1.0,0.0,1.0,optimal,0.0008396397535592483,0.002437000771910308,0.010994316699544524,0.008557315927634215,1.0,0.0008396397535592483,1.0,1.0,0.0,0.0,0.0
0.9,0.0,0.0,1.0,optimal,0.000924266075583615,0.0007158397231521562,0.014614948828691503,0.013899109105539348,1.0,0.000924266075583615,1.0,1.0,0.0,0.0,0.0
0.9,0.1,0.0,1.0,optimal,0.000924266075583615,0.0008879558280279714,0.014252885615776806,0.013364929787748834,1.0,0.000924266075583615,1.0,1.0,0.0,0.0,0.0
0.9,0.2,0.0,1.0,optimal,0.000924266075583615,0.0010600719329037867,0.013890822402862109,0.012830750469958322,1.0,0.000924266075583615,1.0,1.0,0.0,0.0,0.0
0.9,0.3,0.0,1.0,optimal,0.000924266075583615,0.0012321880377796019,0.013528759189947408,0.012296571152167805,1.0,0.000924266075583615,1.0,1.0,0.0,0.0,0.0
0.9,0.4,0.0,1.0,optimal,0.000924266075583615,0.0014043041426554169,0.01316669597703271,0.011762391834377293,1.0,0.000924266075583615,1.0,1.0,0.0,0.0,0.0
0.9,0.5,0.0,1.0,optimal,0.000924266075583615,0.0015764202475312323,0.012804632764118013,0.011228212516586782,1.0,0.000924266075583615,1.0,1.0,0.0,0.0,0.0
0.9,0.6,0.0,1.0,optimal,0.000924266075583615,0.0017485363524070473,0.012442569551203316,0.01069403319879627,1.0,0.000924266075583615,1.0,1.0,0.0,0.0,0.0
0.9,0.7,0.0,1.0,optimal,0.000924266075583615,0.0019206524572828627,0.012080506338288617,0.010159853881005754,1.0,0.000924266075583615,1.0,1.0,0.0,0.0,0.0
0.9,0.8,0.0,1.0,optimal,0.000924266075583615,0.0020927685621586777,0.01171844312537392,0.009625674563215243,1.0,0.000924266075583615,1.0,1.0,0.0,0.0,0.0
0.9,0.9,0.0,1.0,optimal,0.000924266075583615,0.0022648846670344927,0.01135637991245922,0.009091495245424727,1.0,0.000924266075583615,1.0,1.0,0.0,0.0,0.0
0.9,1.0,0.0,1.0,optimal,0.000924266075583615,0.002437000771910308,0.010994316699544524,0.008557315927634215,1.0,0.000924266075583615,1.0,1.0,0.0,0.0,0.0
1.0,0.0,0.0,1.0,optimal,0.0010088923976079816,0.0007158397231521562,0.014614948828691503,0.013899109105539348,1.0,0.0010088923976079816,1.0,1.0,0.0,0.0,0.0
1.0,0.1,0.0,1.0,optimal,0.0010088923976079816,0.0008879558280279714,0.014252885615776806,0.013364929787748834,1.0,0.0010088923976079816,1.0,1.0,0.0,0.0,0.0
1.0,0.2,0.0,1.0,optimal,0.0010088923976079816,0.0010600719329037867,0.013890822402862109,0.012830750469958322,1.0,0.0010088923976079816,1.0,1.0,0.0,0.0,0.0
1.0,0.3,0.0,1.0,optimal,0.0010088923976079816,0.0012321880377796019,0.013528759189947408,0.012296571152167805,1.0,0.0010088923976079816,1.0,1.0,0.0,0.0,0.0
1.0,0.4,0.0,1.0,optimal,0.0010088923976079816,0.0014043041426554169,0.01316669597703271,0.011762391834377293,1.0,0.0010088923976079816,1.0,1.0,0.0,0.0,0.0
1.0,0.5,0.0,1.0,optimal,0.0010088923976079816,0.0015764202475312323,0.012804632764118013,0.011228212516586782,1.0,0.0010088923976079816,1.0,1.0,0.0,0.0,0.0
1.0,0.6,0.0,1.0,optimal,0.0010088923976079816,0.0017485363524070473,0.012442569551203316,0.01069403319879627,1.0,0.0010088923976079816,1.0,1.0,0.0,0.0,0.0
1.0,0.7,0.0,1.0,optimal,0.0010088923976079816,0.0019206524572828627,0.012080506338288617,0.010159853881005754,1.0,0.0010088923976079816,1.0,1.0,0.0,0.0,0.0
1.0,0.8,0.0,1.0,optimal,0.0010088923976079816,0.0020927685621586777,0.01171844312537392,0.009625674563215243,1.0,0.0010088923976079816,1.0,1.0,0.0,0.0,0.0
1.0,0.9,0.0,1.0,optimal,0.0010088923976079816,0.0022648846670344927,0.01135637991245922,0.009091495245424727,1.0,0.0010088923976079816,1.0,1.0,0.0,0.0,0.0
1.0,1.0,0.0,1.0,optimal,0.0010088923976079816,0.002437000771910308,0.010994316699544524,0.008557315927634215,1.0,0.0010088923976079816,1.0,1.0,0.0,0.0,0.0
0.0,0.0,0.0001,1.0,optimal,0.00016262917736431474,0.0007158397231521562,0.014614948828691503,0.013899109105539348,1.0,6.262917736431474e-05,1.0,1.0,0.0,0.0,0.0
0.0,0.1,0.0001,1.0,optimal,0.00016262917736431474,0.0008879558280279714,0.014252885615776806,0.013364929787748834,1.0,6.262917736431474e-05,1.0,1.0,0.0,0.0,0.0
0.0,0.2,0.0001,1.0,optimal,0.00016262917736431474,0.0010600719329037867,0.013890822402862109,0.012830750469958322,1.0,6.262917736431474e-05,1.0,1.0,0.0,0.0,0.0
0.0,0.3,0.0001,1.0,optimal,0.00016262917736431474,0.0012321880377796019,0.013528759189947408,0.012296571152167805,1.0,6.262917736431474e-05,1.0,1.0,0.0,0.0,0.0
0.0,0.4,0.0001,1.0,optimal,0.00016262917736431474,0.0014043041426554169,0.01316669597703271,0.011762391834377293,1.0,6.262917736431474e-05,1.0,1.0,0.0,0.0,0.0
0.0,0.5,0.0001,1.0,optimal,0.00016262917736431474,0.0015764202475312323,0.012804632764118013,0.011228212516586782,1.0,6.262917736431474e-05,1.0,1.0,0.0,0.0,0.0
0.0,0.6,0.0001,1.0,optimal,0.00016262917736431474,0.0017485363524070473,0.012442569551203316,0.01069403319879627,1.0,6.262917736431474e-05,1.0,1.0,0.0,0.0,0.0
0.0,0.7,0.0001,1.0,optimal,0.00016262917736431474,0.0019206524572828627,0.012080506338288617,0.010159853881005754,1.0,6.262917736431474e-05,1.0,1.0,0.0,0.0,0.0
0.0,0.8,0.0001,1.0,optimal,0.00016262917736431474,0.0020927685621586777,0.01171844312537392,0.009625674563215243,1.0,6.262917736431474e-05,1.0,1.0,0.0,0.0,0.0
0.0,0.9,0.0001,1.0,optimal,0.00016262917736431474,0.0022648846670344927,0.01135637991245922,0.009091495245424727,1.0,6.262917736431474e-05,1.0,1.0,0.0,0.0,0.0
0.0,1.0,0.0001,1.0,optimal,0.00016262917736431474,0.002437000771910308,0.010994316699544524,0.008557315927634215,1.0,6.262917736431474e-05,1.0,1.0,0.0,0.0,0.0
0.1,0.0,0.0001,1.0,optimal,0.00024725549938868144,0.0007158397231521562,0.014614948828691503,0.013899109105539348,1.0,0.00014725549938868145,1.0,1.0,0.0,0.0,0.0
0.1,0.1,0.0001,1.0,optimal,0.00024725549938868144,0.0008879558280279714,0.014252885615776806,0.013364929787748834,1.0,0.00014725549938868145,1.0,1.0,0.0,0.0,0.0
0.1,0.2,0.0001,1.0,optimal,0.00024725549938868144,0.0010600719329037867,0.013890822402862109,0.012830750469958322,1.0,0.00014725549938868145,1.0,1.0,0.0,0.0,0.0
0.1,0.3,0.0001,1.0,optimal,0.00024725549938868144,0.0012321880377796019,0.013528759189947408,0.012296571152167805,1.0,0.00014725549938868145,1.0,1.0,0.0,0.0,0.0
0.1,0.4,0.0001,1.0,optimal,0.00024725549938868144,0.0014043041426554169,0.01316669597703271,0.011762391834377293,1.0,0.00014725549938868145,1.0,1.0,0.0,0.0,0.0
0.1,0.5,0.0001,1.0,optimal,0.00024725549938868144,0.0015764202475312323,0.012804632764118013,0.011228212516586782,1.0,0.00014725549938868145,1.0,1.0,0.0,0.0,0.0
0.1,0.6,0.0001,1.0,optimal,0.00024725549938868144,0.0017485363524070473,0.012442569551203316,0.01069403319879627,1.0,0.00014725549938868145,1.0,1.0,0.0,0.0,0.0
0.1,0.7,0.0001,1.0,optimal,0.00024725549938868144,0.0019206524572828627,0.012080506338288617,0.010159853881005754,1.0,0.00014725549938868145,1.0,1.0,0.0,0.0,0.0
0.1,0.8,0.0001,1.0,optimal,0.00024725549938868144,0.0020927685621586777,0.01171844312537392,0.009625674563215243,1.0,0.00014725549938868145,1.0,1.0,0.0,0.0,0.0
0.1,0.9,0.0001,1.0,optimal,0.00024725549938868144,0.0022648846670344927,0.01135637991245922,0.009091495245424727,1.0,0.00014725549938868145,1.0,1.0,0.0,0.0,0.0
0.1,1.0,0.0001,1.0,optimal,0.00024725549938868144,0.002437000771910308,0.010994316699544524,0.008557315927634215,1.0,0.00014725549938868145,1.0,1.0,0.0,0.0,0.0
0.2,0.0,0.0001,1.0,optimal,0.00033188182141304816,0.0007158397231521562,0.014614948828691503,0.013899109105539348,1.0,0.00023188182141304817,1.0,1.0,0.0,0.0,0.0
0.2,0.1,0.0001,1.0,optimal,0.00033188182141304816,0.0008879558280279714,0.014252885615776806,0.013364929787748834,1.0,0.00023188182141304817,1.0,1.0,0.0,0.0,0.0
0.2,0.2,0.0001,1.0,optimal,0.00033188182141304816,0.0010600719329037867,0.013890822402862109,0.012830750469958322,1.0,0.00023188182141304817,1.0,1.0,0.0,0.0,0.0
0.2,0.3,0.0001,1.0,optimal,0.00033188182141304816,0.0012321880377796019,0.013528759189947408,0.012296571152167805,1.0,0.00023188182141304817,1.0,1.0,0.0,0.0,0.0
0.2,0.4,0.0001,1.0,optimal,0.00033188182141304816,0.0014043041426554169,0.01316669597703271,0.011762391834377293,1.0,0.00023188182141304817,1.0,1.0,0.0,0.0,0.0
0.2,0.5,0.0001,1.0,optimal,0.00033188182141304816,0.0015764202475312323,0.012804632764118013,0.011228212516586782,1.0,0.00023188182141304817,1.0,1.0,0.0,0.0,0.0
0.2,0.6,0.0001,1.0,optimal,0.00033188182141304816,0.0017485363524070473,0.012442569551203316,0.01069403319879627,1.0,0.00023188182141304817,1.0,1.0,0.0,0.0,0.0
0.2,0.7,0.0001,1.0,optimal,0.00033188182141304816,0.0019206524572828627,0.012080506338288617,0.010159853881005754,1.0,0.00023188182141304817,1.0,1.0,0.0,0.0,0.0
0.2,0.8,0.0001,1.0,optimal,0.00033188182141304816,0.0020927685621586777,0.01171844312537392,0.009625674563215243,1.0,0.00023188182141304817,1.0,1.0,0.0,0.0,0.0
0.2,0.9,0.0001,1.0,optimal,0.00033188182141304816,0.0022648846670344927,0.01135637991245922,0.009091495245424727,1.0,0.00023188182141304817,1.0,1.0,0.0,0.0,0.0
0.2,1.0,0.0001,1.0,optimal,0.00033188182141304816,0.002437000771910308,0.010994316699544524,0.008557315927634215,1.0,0.00023188182141304817,1.0,1.0,0.0,0.0,0.0
0.3,0.0,0.0001,1.0,optimal,0.00041650814343741484,0.0007158397231521562,0.014614948828691503,0.013899109105539348,1.0,0.00031650814343741484,1.0,1.0,0.0,0.0,0.0
0.3,0.1,0.0001,1.0,optimal,0.00041650814343741484,0.0008879558280279714,0.014252885615776806,0.013364929787748834,1.0,0.00031650814343741484,1.0,1.0,0.0,0.0,0.0
0.3,0.2,0.0001,1.0,optimal,0.00041650814343741484,0.0010600719329037867,0.013890822402862109,0.012830750469958322,1.0,0.00031650814343741484,1.0,1.0,0.0,0.0,0.0
0.3,0.3,0.0001,1.0,optimal,0.00041650814343741484,0.0012321880377796019,0.013528759189947408,0.012296571152167805,1.0,0.00031650814343741484,1.0,1.0,0.0,0.0,0.0
0.3,0.4,0.0001,1.0,optimal,0.00041650814343741484,0.0014043041426554169,0.01316669597703271,0.011762391834377293,1.0,0.00031650814343741484,1.0,1.0,0.0,0.0,0.0
0.3,0.5,0.0001,1.0,optimal,0.00041650814343741484,0.0015764202475312323,0.012804632764118013,0.011228212516586782,1.0,0.00031650814343741484,1.0,1.0,0.0,0.0,0.0
0.3,0.6,0.0001,1.0,optimal,0.00041650814343741484,0.0017485363524070473,0.012442569551203316,0.01069403319879627,1.0,0.00031650814343741484,1.0,1.0,0.0,0.0,0.0
0.3,0.7,0.0001,1.0,optimal,0.00041650814343741484,0.0019206524572828627,0.012080506338288617,0.010159853881005754,1.0,0.00031650814343741484,1.0,1.0,0.0,0.0,0.0
0.3,0.8,0.0001,1.0,optimal,0.00041650814343741484,0.0020927685621586777,0.01171844312537392,0.009625674563215243,1.0,0.00031650814343741484,1.0,1.0,0.0,0.0,0.0
0.3,0.9,0.0001,1.0,optimal,0.00041650814343741484,0.0022648846670344927,0.01135637991245922,0.009091495245424727,1.0,0.00031650814343741484,1.0,1.0,0.0,0.0,0.0
0.3,1.0,0.0001,1.0,optimal,0.00041650814343741484,0.002437000771910308,0.010994316699544524,0.008557315927634215,1.0,0.00031650814343741484,1.0,1.0,0.0,0.0,0.0
0.4,0.0,0.0001,1.0,optimal,0.0005011344654617815,0.0007158397231521562,0.014614948828691503,0.013899109105539348,1.0,0.0004011344654617815,1.0,1.0,0.0,0.0,0.0
0.4,0.1,0.0001,1.0,optimal,0.0005011344654617815,0.0008879558280279714,0.014252885615776806,0.013364929787748834,1.0,0.0004011344654617815,1.0,1.0,0.0,0.0,0.0
0.4,0.2,0.0001,1.0,optimal,0.0005011344654617815,0.0010600719329037867,0.013890822402862109,0.012830750469958322,1.0,0.0004011344654617815,1.0,1.0,0.0,0.0,0.0
0.4,0.3,0.0001,1.0,optimal,0.0005011344654617815,0.0012321880377796019,0.013528759189947408,0.012296571152167805,1.0,0.0004011344654617815,1.0,1.0,0.0,0.0,0.0
0.4,0.4,0.0001,1.0,optimal,0.0005011344654617815,0.0014043041426554169,0.01316669597703271,0.011762391834377293,1.0,0.0004011344654617815,1.0,1.0,0.0,0.0,0.0
0.4,0.5,0.0001,1.0,optimal,0.0005011344654617815,0.0015764202475312323,0.012804632764118013,0.011228212516586782,1.0,0.0004011344654617815,1.0,1.0,0.0,0.0,0.0
0.4,0.6,0.0001,1.0,optimal,0.0005011344654617815,0.0017485363524070473,0.012442569551203316,0.01069403319879627,1.0,0.0004011344654617815,1.0,1.0,0.0,0.0,0.0
0.4,0.7,0.0001,1.0,optimal,0.0005011344654617815,0.0019206524572828627,0.012080506338288617,0.010159853881005754,1.0,0.0004011344654617815,1.0,1.0,0.0,0.0,0.0
0.4,0.8,0.0001,1.0,optimal,0.0005011344654617815,0.0020927685621586777,0.01171844312537392,0.009625674563215243,1.0,0.0004011344654617815,1.0,1.0,0.0,0.0,0.0
0.4,0.9,0.0001,1.0,optimal,0.0005011344654617815,0.0022648846670344927,0.01135637991245922,0.009091495245424727,1.0,0.0004011344654617815,1.0,1.0,0.0,0.0,0.0
0.4,1.0,0.0001,1.0,optimal,0.0005011344654617815,0.002437000771910308,0.010994316699544524,0.008557315927634215,1.0,0.0004011344654617815,1.0,1.0,0.0,0.0,0.0
0.5,0.0,0.0001,1.0,optimal,0.0005857607874861482,0.0007158397231521562,0.014614948828691503,0.013899109105539348,1.0,0.0004857607874861482,1.0,1.0,0.0,0.0,0.0
0.5,0.1,0.0001,1.0,optimal,0.0005857607874861482,0.0008879558280279714,0.014252885615776806,0.013364929787748834,1.0,0.0004857607874861482,1.0,1.0,0.0,0.0,0.0
0.5,0.2,0.0001,1.0,optimal,0.0005857607874861482,0.0010600719329037867,0.013890822402862109,0.012830750469958322,1.0,0.0004857607874861482,1.0,1.0,0.0,0.0,0.0
0.5,0.3,0.0001,1.0,optimal,0.0005857607874861482,0.0012321880377796019,0.013528759189947408,0.012296571152167805,1.0,0.0004857607874861482,1.0,1.0,0.0,0.0,0.0
0.5,0.4,0.0001,1.0,optimal,0.0005857607874861482,0.0014043041426554169,0.01316669597703271,0.011762391834377293,1.0,0.0004857607874861482,1.0,1.0,0.0,0.0,0.0
0.5,0.5,0.0001,1.0,optimal,0.0005857607874861482,0.0015764202475312323,0.012804632764118013,0.011228212516586782,1.0,0.0004857607874861482,1.0,1.0,0.0,0.0,0.0
0.5,0.6,0.0001,1.0,optimal,0.0005857607874861482,0.0017485363524070473,0.012442569551203316,0.01069403319879627,1.0,0.0004857607874861482,1.0,1.0,0.0,0.0,0.0
0.5,0.7,0.0001,1.0,optimal,0.0005857607874861482,0.0019206524572828627,0.012080506338288617,0.010159853881005754,1.0,0.0004857607874861482,1.0,1.0,0.0,0.0,0.0
0.5,0.8,0.0001,1.0,optimal,0.0005857607874861482,0.0020927685621586777,0.01171844312537392,0.009625674563215243,1.0,0.0004857607874861482,1.0,1.0,0.0,0.0,0.0
0.5,0.9,0.0001,1.0,optimal,0.0005857607874861482,0.0022648846670344927,0.01135637991245922,0.009091495245424727,1.0,0.0004857607874861482,1.0,1.0,0.0,0.0,0.0
0.5,1.0,0.0001,1.0,optimal,0.0005857607874861482,0.002437000771910308,0.010994316699544524,0.008557315927634215,1.0,0.0004857607874861482,1.0,1.0,0.0,0.0,0.0
0.6,0.0,0.0001,1.0,optimal,0.000670387109510515,0.0007158397231521562,0.014614948828691503,0.013899109105539348,1.0,0.0005703871095105149,1.0,1.0,0.0,0.0,0.0
0.6,0.1,0.0001,1.0,optimal,0.000670387109510515,0.0008879558280279714,0.014252885615776806,0.013364929787748834,1.0,0.0005703871095105149,1.0,1.0,0.0,0.0,0.0
0.6,0.2,0.0001,1.0,optimal,0.000670387109510515,0.0010600719329037867,0.013890822402862109,0.012830750469958322,1.0,0.0005703871095105149,1.0,1.0,0.0,0.0,0.0
0.6,0.3,0.0001,1.0,optimal,0.000670387109510515,0.0012321880377796019,0.013528759189947408,0.012296571152167805,1.0,0.0005703871095105149,1.0,1.0,0.0,0.0,0.0
0.6,0.4,0.0001,1.0,optimal,0.000670387109510515,0.0014043041426554169,0.01316669597703271,0.011762391834377293,1.0,0.0005703871095105149,1.0,1.0,0.0,0.0,0.0
0.6,0.5,0.0001,1.0,optimal,0.000670387109510515,0.0015764202475312323,0.012804632764118013,0.011228212516586782,1.0,0.0005703871095105149,1.0,1.0,0.0,0.0,0.0
0.6,0.6,0.0001,1.0,optimal,0.000670387109510515,0.0017485363524070473,0.012442569551203316,0.01069403319879627,1.0,0.0005703871095105149,1.0,1.0,0.0,0.0,0.0
0.6,0.7,0.0001,1.0,optimal,0.000670387109510515,0.0019206524572828627,0.012080506338288617,0.010159853881005754,1.0,0.0005703871095105149,1.0,1.0,0.0,0.0,0.0
0.6,0.8,0.0001,1.0,optimal,0.000670387109510515,0.0020927685621586777,0.01171844312537392,0.009625674563215243,1.0,0.0005703871095105149,1.0,1.0,0.0,0.0,0.0
0.6,0.9,0.0001,1.0,optimal,0.000670387109510515,0.0022648846670344927,0.01135637991245922,0.009091495245424727,1.0,0.0005703871095105149,1.0,1.0,0.0,0.0,0.0
0.6,1.0,0.0001,1.0,optimal,0.000670387109510515,0.002437000771910308,0.010994316699544524,0.008557315927634215,1.0,0.0005703871095105149,1.0,1.0,0.0,0.0,0.0
0.7,0.0,0.0001,1.0,optimal,0.0007520217397744341,0.0007131806405808448,0.014614948828691503,0.013901768188110659,0.9684430153258645,0.0006551774382418476,1.1036632061428542,0.9505960022498753,0.0,0.049403997750124815,0.0
0.7,0.1,0.0001,1.0,optimal,0.0007520217397744341,0.0008891404855695758,0.014252885615776806,0.01336374513020723,0.9684430153258645,0.0006551774382418476,1.1036632061428542,0.9505960022498753,0.0,0.049403997750124815,0.0
0.7,0.2,0.0001,1.0,optimal,0.0007520217397744341,0.0010651003305583067,0.013890822402862109,0.012825722072303803,0.9684430153258645,0.0006551774382418476,1.1036632061428542,0.9505960022498753,0.0,0.049403997750124815,0.0
0.7,0.3,0.0001,1.0,optimal,0.0007520217397744341,0.0012410601755470378,0.013528759189947408,0.01228769901440037,0.9684430153258645,0.0006551774382418476,1.1036632061428542,0.9505960022498753,0.0,0.049403997750124815,0.0
0.7,0.4,0.0001,1.0,optimal,0.0007520217397744341,0.0014170200205357686,0.01316669597703271,0.011749675956496942,0.9684430153258645,0.0006551774382418476,1.1036632061428542,0.9505960022498753,0.0,0.049403997750124815,0.0
0.7,0.5,0.0001,1.0,optimal,0.0007520217397744341,0.0015929798655245,0.012804632764118013,0.011211652898593513,0.9684430153258645,0.0006551774382418476,1.1036632061428542,0.9505960022498753,0.0,0.049403997750124815,0.0
0.7,0.6,0.0001,1.0,optimal,0.0007520217397744341,0.0017689397105132307,0.012442569551203316,0.010673629840690086,0.9684430153258645,0.0006551774382418476,1.1036632061428542,0.9505960022498753,0.0,0.049403997750124815,0.0
0.7,0.7,0.0001,1.0,optimal,0.0007520217397744341,0.0019448995555019619,0.012080506338288617,0.010135606782786655,0.9684430153258645,0.0006551774382418476,1.1036632061428542,0.9505960022498753,0.0,0.049403997750124815,0.0
0.7,0.8,0.0001,1.0,optimal,0.0007520217397744341,0.002120859400490693,0.01171844312537392,0.009597583724883226,0.9684430153258645,0.0006551774382418476,1.1036632061428542,0.9505960022498753,0.0,0.049403997750124815,0.0
0.7,0.9,0.0001,1.0,optimal,0.0007520217397744343,0.0022968192454794222,0.01135637991245922,0.009059560666979799,0.9684430153258652,0.0006551774382418477,1.103663206142851,0.9505960022498767,0.0,0.04940399775012329,0.0
0.7,1.0,0.0001,1.0,optimal,0.0007520217397744343,0.0024727790904681534,0.010994316699544524,0.00852153760907637,0.9684430153258652,0.0006551774382418477,1.103663206142851,0.9505960022498767,0.0,0.04940399775012329,0.0
0.8,0.0,0.0001,1.0,optimal,0.0008328946627533312,0.0007083555377824783,0.014614948828691503,0.013906593290909024,0.9195567622396835,0.0007409389865293629,1.3148067547145512,0.860948779419541,0.0,0.13905122058045916,0.0
0.8,0.1,0.0001,1.0,optimal,0.0008328946627533312,0.0008912901346556069,0.014252885615776806,0.013361595481121199,0.9195567622396835,0.0007409389865293629,1.3148067547145512,0.860948779419541,0.0,0.13905122058045916,0.0
0.8,0.2,0.0001,1.0,optimal,0.0008328946627533312,0.0010742247315287353,0.013890822402862109,0.012816597671333373,0.9195567622396835,0.0007409389865293629,1.3148067547145512,0.860948779419541,0.0,0.13905122058045916,0.0
0.8,0.3,0.0001,1.0,optimal,0.0008328946627533312,0.0012571593284018637,0.013528759189947408,0.012271599861545544,0.9195567622396835,0.0007409389865293629,1.3148067547145512,0.860948779419541,0.0,0.13905122058045916,0.0
0.8,0.4,0.0001,1.0,optimal,0.0008328946627533312,0.0014400939252749924,0.01316669597703271,0.011726602051757719,0.9195567622396835,0.0007409389865293629,1.3148067547145512,0.860948779419541,0.0,0.13905122058045916,0.0
0.8,0.5,0.0001,1.0,optimal,0.0008328946627533312,0.001623028522148121,0.012804632764118013,0.011181604241969893,0.9195567622396835,0.0007409389865293629,1.3148067547145512,0.860948779419541,0.0,0.13905122058045916,0.0
0.8,0.6,0.0001,1.0,optimal,0.0008328946627533312,0.0018059631190212495,0.012442569551203316,0.010636606432182066,0.9195567622396835,0.0007409389865293629,1.3148067547145512,0.860948779419541,0.0,0.13905122058045916,0.0
0.8,0.7,0.0001,1.0,optimal,0.0008328946627533312,0.0019888977158943784,0.012080506338288617,0.010091608622394239,0.9195567622396835,0.0007409389865293629,1.3148067547145512,0.860948779419541,0.0,0.13905122058045916,0.0
0.8,0.8,0.0001,1.0,optimal,0.0008328946627533312,0.0021718323127675066,0.01171844312537392,0.009546610812606413,0.9195567622396835,0.0007409389865293629,1.3148067547145512,0.860948779419541,0.0,0.13905122058045916,0.0
0.8,0.9,0.0001,1.0,optimal,0.0008328946627533312,0.002354766909640633,0.01135637991245922,0.009001613002818588,0.9195567622396845,0.0007409389865293628,1.3148067547145452,0.8609487794195434,0.0,0.13905122058045663,0.0
0.8,1.0,0.0001,1.0,optimal,0.0008328946627533312,0.0025377015065137618,0.010994316699544524,0.008456615193030762,0.9195567622396845,0.0007409389865293628,1.3148067547145452,0.8609487794195434,0.0,0.13905122058045663,0.0
0.9,0.0,0.0001,1.0,optimal,0.0009159276719888317,0.0007035304349841113,0.014614948828691503,0.013911418393707391,0.8814709404365202,0.0008277805779451797,1.5450957774930603,0.7713015565892005,0.0,0.22869844341079948,0.0
0.9,0.1,0.0001,1.0,optimal,0.0009159276719888317,0.0008934397837416378,0.014252885615776806,0.013359445832035168,0.8814709404365202,0.0008277805779451797,1.5450957774930603,0.7713015565892005,0.0,0.22869844341079948,0.0
0.9,0.2,0.0001,1.0,optimal,0.0009159276719888317,0.0010833491324991644,0.013890822402862109,0.012807473270362944,0.8814709404365202,0.0008277805779451797,1.5450957774930603,0.7713015565892005,0.0,0.22869844341079948,0.0
0.9,0.3,0.0001,1.0,optimal,0.0009159276719888317,0.001273258481256691,0.013528759189947408,0.012255500708690716,0.8814709404365202,0.0008277805779451797,1.5450957774930603,0.7713015565892005,0.0,0.22869844341079948,0.0
0.9,0.4,0.0001,1.0,optimal,0.0009159276719888317,0.0014631678300142173,0.01316669597703271,0.011703528147018494,0.8814709404365202,0.0008277805779451797,1.5450957774930603,0.7713015565892005,0.0,0.22869844341079948,0.0
0.9,0.5,0.0001,1.0,optimal,0.0009159276719888317,0.0016530771787717441,0.012804632764118013,0.011151555585346268,0.8814709404365202,0.0008277805779451797,1.5450957774930603,0.7713015565892005,0.0,0.22869844341079948,0.0
0.9,0.6,0.0001,1.0,optimal,0.0009159276719888317,0.0018429865275292705,0.012442569551203316,0.010599583023674046,0.8814709404365202,0.0008277805779451797,1.5450957774930603,0.7713015565892005,0.0,0.22869844341079948,0.0
0.9,0.7,0.0001,1.0,optimal,0.0009159276719888317,0.0020328958762867973,0.012080506338288617,0.01004761046200182,0.8814709404365202,0.0008277805779451797,1.5450957774930603,0.7713015565892005,0.0,0.22869844341079948,0.0
0.9,0.8,0.0001,1.0,optimal,0.0009159276719888317,0.002222805225044324,0.01171844312537392,0.009495637900329597,0.8814709404365202,0.0008277805779451797,1.5450957774930603,0.7713015565892005,0.0,0.22869844341079948,0.0
0.9,0.9,0.0001,1.0,optimal,0.0009159276719888318,0.0024127145738018487,0.01135637991245922,0.008943665338657373,0.8814709404365211,0.0008277805779451797,1.5450957774930545,0.7713015565892027,0.0,0.2286984434107973,0.0
0.9,1.0,0.0001,1.0,optimal,0.0009159276719888318,0.0026026239225593753,0.010994316699544524,0.008391692776985149,0.8814709404365211,0.0008277805779451797,1.5450957774930545,0.7713015565892027,0.0,0.2286984434107973,0.0
1.0,0.0,0.0001,1.0,optimal,0.0010011207674809368,0.0006987053321857446,0.014614948828691503,0.013916243496505758,0.8541855499163791,0.0009157022124892988,1.7667950844490006,0.6816543337588632,0.0,0.3183456662411368,0.0
1.0,0.1,0.0001,1.0,optimal,0.0010011207674809368,0.0008955894328276689,0.014252885615776806,0.013357296182949138,0.8541855499163791,0.0009157022124892988,1.7667950844490006,0.6816543337588632,0.0,0.3183456662411368,0.0
1.0,0.2,0.0001,1.0,optimal,0.0010011207674809368,0.0010924735334695932,0.013890822402862109,0.012798348869392516,0.8541855499163791,0.0009157022124892988,1.7667950844490006,0.6816543337588632,0.0,0.3183456662411368,0.0
1.0,0.3,0.0001,1.0,optimal,0.0010011207674809368,0.0012893576341115175,0.013528759189947408,0.01223940155583589,0.8541855499163791,0.0009157022124892988,1.7667950844490006,0.6816543337588632,0.0,0.3183456662411368,0.0
1.0,0.4,0.0001,1.0,optimal,0.0010011207674809368,0.0014862417347534418,0.01316669597703271,0.01168045424227927,0.8541855499163791,0.0009157022124892988,1.7667950844490006,0.6816543337588632,0.0,0.3183456662411368,0.0
1.0,0.5,0.0001,1.0,optimal,0.0010011207674809368,0.0016831258353953663,0.012804632764118013,0.011121506928722647,0.8541855499163791,0.0009157022124892988,1.7667950844490006,0.6816543337588632,0.0,0.3183456662411368,0.0
1.0,0.6,0.0001,1.0,optimal,0.0010011207674809368,0.0018800099360372904,0.012442569551203316,0.010562559615166025,0.8541855499163791,0.0009157022124892988,1.7667950844490006,0.6816543337588632,0.0,0.3183456662411368,0.0
1.0,0.7,0.0001,1.0,optimal,0.0010011207674809368,0.002076894036679215,0.012080506338288617,0.010003612301609403,0.8541855499163791,0.0009157022124892988,1.7667950844490006,0.6816543337588632,0.0,0.3183456662411368,0.0
1.0,0.8,0.0001,1.0,optimal,0.0010011207674809368,0.0022737781373211394,0.01171844312537392,0.00944466498805278,0.8541855499163791,0.0009157022124892988,1.7667950844490006,0.6816543337588632,0.0,0.3183456662411368,0.0
1.0,0.9,0.0001,1.0,optimal,0.0010011207674809368,0.0024706622379630627,0.01135637991245922,0.008885717674496158,0.8541855499163795,0.0009157022124892987,1.7667950844489981,0.6816543337588643,0.0,0.3183456662411357,0.0
1.0,1.0,0.0001,1.0,optimal,0.0010011207674809368,0.002667546338604987,0.010994316699544524,0.008326770360939536,0.8541855499163795,0.0009157022124892987,1.7667950844489981,0.6816543337588643,0.0,0.3183456662411357,0.0
0.0,0.0,0.0005,1.0,optimal,0.00012142624734381203,0.0007005337598713949,0.014614948828691503,0.013914415068820109,0.8632541822741573,-0.0003102008437932666,1.6863732003080616,0.7156253124124471,0.0,0.2843746875875529,0.0
0.0,0.1,0.0005,1.0,optimal,0.00012142624734381203,0.000894774843363448,0.014252885615776806,0.013358110772413358,0.8632541822741573,-0.0003102008437932666,1.6863732003080616,0.7156253124124471,0.0,0.2843746875875529,0.0
0.0,0.2,0.0005,1.0,optimal,0.00012142624734381203,0.001089015926855501,0.013890822402862109,0.012801806476006608,0.8632541822741573,-0.0003102008437932666,1.6863732003080616,0.7156253124124471,0.0,0.2843746875875529,0.0
0.0,0.3,0.0005,1.0,optimal,0.00012142624734381203,0.0012832570103475539,0.013528759189947408,0.012245502179599854,0.8632541822741573,-0.0003102008437932666,1.6863732003080616,0.7156253124124471,0.0,0.2843746875875529,0.0
0.0,0.4,0.0005,1.0,optimal,0.00012142624734381203,0.001477498093839607,0.01316669597703271,0.011689197883193104,0.8632541822741573,-0.0003102008437932666,1.6863732003080616,0.7156253124124471,0.0,0.2843746875875529,0.0
0.0,0.5,0.0005,1.0,optimal,0.00012142624734381203,0.0016717391773316598,0.012804632764118013,0.011132893586786353,0.8632541822741573,-0.0003102008437932666,1.6863732003080616,0.7156253124124471,0.0,0.2843746875875529,0.0
0.0,0.6,0.0005,1.0,optimal,0.00012142624734381203,0.0018659802608237128,0.012442569551203316,0.010576589290379603,0.8632541822741573,-0.0003102008437932666,1.6863732003080616,0.7156253124124471,0.0,0.2843746875875529,0.0
0.0,0.7,0.0005,1.0,optimal,0.00012142624734381203,0.0020602213443157657,0.012080506338288617,0.010020284993972851,0.8632541822741573,-0.0003102008437932666,1.6863732003080616,0.7156253124124471,0.0,0.2843746875875529,0.0
0.0,0.8,0.0005,1.0,optimal,0.00012142624734381203,0.0022544624278078187,0.01171844312537392,0.0094639806975661,0.8632541822741573,-0.0003102008437932666,1.6863732003080616,0.7156253124124471,0.0,0.2843746875875529,0.0
0.0,0.9,0.0005,1.0,optimal,0.00012142624734381215,0.0024487035112998714,0.01135637991245922,0.008907676401159349,0.8632541822741575,-0.0003102008437932666,1.6863732003080598,0.7156253124124479,0.0,0.2843746875875522,0.0
0.0,1.0,0.0005,1.0,optimal,0.00012142624734381215,0.0026429445947919244,0.010994316699544524,0.008351372104752598,0.8632541822741575,-0.0003102008437932666,1.6863732003080598,0.7156253124124479,0.0,0.2843746875875522,0.0
0.1,0.0,0.0005,1.0,optimal,0.00020709685005725227,0.0006995687393117217,0.014614948828691503,0.013915380089379781,0.8582746113914643,-0.00022204045563847992,1.72960314199552,0.6976958678463802,0.0,0.30230413215361984,0.0
0.1,0.1,0.0005,1.0,optimal,0.00020709685005725227,0.0008952047731806542,0.014252885615776806,0.013357680842596153,0.8582746113914643,-0.00022204045563847992,1.72960314199552,0.6976958678463802,0.0,0.30230413215361984,0.0
0.1,0.2,0.0005,1.0,optimal,0.00020709685005725227,0.0010908408070495867,0.013890822402862109,0.012799981595812523,0.8582746113914643,-0.00022204045563847992,1.72960314199552,0.6976958678463802,0.0,0.30230413215361984,0.0
0.1,0.3,0.0005,1.0,optimal,0.00020709685005725227,0.0012864768409185192,0.013528759189947408,0.01224228234902889,0.8582746113914643,-0.00022204045563847992,1.72960314199552,0.6976958678463802,0.0,0.30230413215361984,0.0
0.1,0.4,0.0005,1.0,optimal,0.00020709685005725227,0.0014821128747874515,0.01316669597703271,0.01168458310224526,0.8582746113914643,-0.00022204045563847992,1.72960314199552,0.6976958678463802,0.0,0.30230413215361984,0.0
0.1,0.5,0.0005,1.0,optimal,0.00020709685005725227,0.0016777489086563842,0.012804632764118013,0.01112688385546163,0.8582746113914643,-0.00022204045563847992,1.72960314199552,0.6976958678463802,0.0,0.30230413215361984,0.0
0.1,0.6,0.0005,1.0,optimal,0.00020709685005725227,0.0018733849425253165,0.012442569551203316,0.010569184608678,0.8582746113914643,-0.00022204045563847992,1.72960314199552,0.6976958678463802,0.0,0.30230413215361984,0.0
0.1,0.7,0.0005,1.0,optimal,0.00020709685005725227,0.002069020976394249,0.012080506338288617,0.01001148536189437,0.8582746113914643,-0.00022204045563847992,1.72960314199552,0.6976958678463802,0.0,0.30230413215361984,0.0
0.1,0.8,0.0005,1.0,optimal,0.00020709685005725227,0.0022646570102631816,0.01171844312537392,0.009453786115110739,0.8582746113914643,-0.00022204045563847992,1.72960314199552,0.6976958678463802,0.0,0.30230413215361984,0.0
0.1,0.9,0.0005,1.0,optimal,0.00020709685005725233,0.0024602930441321134,0.01135637991245922,0.008896086868327107,0.8582746113914643,-0.00022204045563847986,1.7296031419955191,0.6976958678463806,0.0,0.3023041321536194,0.0
0.1,1.0,0.0005,1.0,optimal,0.00020709685005725233,0.002655929078001046,0.010994316699544524,0.008338387621543477,0.8582746113914643,-0.00022204045563847986,1.7296031419955191,0.6976958678463806,0.0,0.3023041321536194,0.0
0.2,0.0,0.0005,1.0,optimal,0.00029319947002201334,0.0006986037187520484,0.014614948828691503,0.013916345109939455,0.8537270577600923,-0.00013366405885803279,1.7710652550801027,0.679766423280313,0.0,0.3202335767196871,0.0
0.2,0.1,0.0005,1.0,optimal,0.00029319947002201334,0.0008956347029978604,0.014252885615776806,0.013357250912778946,0.8537270577600923,-0.00013366405885803279,1.7710652550801027,0.679766423280313,0.0,0.3202335767196871,0.0
0.2,0.2,0.0005,1.0,optimal,0.00029319947002201334,0.0010926656872436726,0.013890822402862109,0.012798156715618436,0.8537270577600923,-0.00013366405885803279,1.7710652550801027,0.679766423280313,0.0,0.3202335767196871,0.0
0.2,0.3,0.0005,1.0,optimal,0.00029319947002201334,0.0012896966714894846,0.013528759189947408,0.012239062518457924,0.8537270577600923,-0.00013366405885803279,1.7710652550801027,0.679766423280313,0.0,0.3202335767196871,0.0
0.2,0.4,0.0005,1.0,optimal,0.00029319947002201334,0.0014867276557352965,0.01316669597703271,0.011679968321297415,0.8537270577600923,-0.00013366405885803279,1.7710652550801027,0.679766423280313,0.0,0.3202335767196871,0.0
0.2,0.5,0.0005,1.0,optimal,0.00029319947002201334,0.0016837586399811085,0.012804632764118013,0.011120874124136905,0.8537270577600923,-0.00013366405885803279,1.7710652550801027,0.679766423280313,0.0,0.3202335767196871,0.0
0.2,0.6,0.0005,1.0,optimal,0.00029319947002201334,0.0018807896242269205,0.012442569551203316,0.010561779926976395,0.8537270577600923,-0.00013366405885803279,1.7710652550801027,0.679766423280313,0.0,0.3202335767196871,0.0
0.2,0.7,0.0005,1.0,optimal,0.00029319947002201334,0.002077820608472733,0.012080506338288617,0.010002685729815884,0.8537270577600923,-0.00013366405885803279,1.7710652550801027,0.679766423280313,0.0,0.3202335767196871,0.0
0.2,0.8,0.0005,1.0,optimal,0.00029319947002201334,0.002274851592718545,0.01171844312537392,0.009443591532655376,0.8537270577600923,-0.00013366405885803279,1.7710652550801027,0.679766423280313,0.0,0.3202335767196871,0.0
0.2,0.9,0.0005,1.0,optimal,0.00029319947002201313,0.0024718825769643573,0.01135637991245922,0.008884497335494863,0.853727057760092,-0.00013366405885803284,1.7710652550801063,0.6797664232803116,0.0,0.3202335767196885,0.0
0.2,1.0,0.0005,1.0,optimal,0.00029319947002201313,0.0026689135612101697,0.010994316699544524,0.008325403138334353,0.853727057760092,-0.00013366405885803284,1.7710652550801063,0.6797664232803116,0.0,0.3202335767196885,0.0
0.3,0.0,0.0005,1.0,optimal,0.00037973410723809515,0.0006976386981923751,0.014614948828691503,0.013917310130499128,0.8496115213800408,-4.507165345192526e-05,1.810340032911098,0.6618369787142461,0.0,0.338163021285754,0.0
0.3,0.1,0.0005,1.0,optimal,0.00037973410723809515,0.0008960646328150666,0.014252885615776806,0.01335682098296174,0.8496115213800408,-4.507165345192526e-05,1.810340032911098,0.6618369787142461,0.0,0.338163021285754,0.0
0.3,0.2,0.0005,1.0,optimal,0.00037973410723809515,0.0010944905674377583,0.013890822402862109,0.01279633183542435,0.8496115213800408,-4.507165345192526e-05,1.810340032911098,0.6618369787142461,0.0,0.338163021285754,0.0
0.3,0.3,0.0005,1.0,optimal,0.00037973410723809515,0.0012929165020604497,0.013528759189947408,0.012235842687886958,0.8496115213800408,-4.507165345192526e-05,1.810340032911098,0.6618369787142461,0.0,0.338163021285754,0.0
0.3,0.4,0.0005,1.0,optimal,0.00037973410723809515,0.0014913424366831411,0.01316669597703271,0.01167535354034957,0.8496115213800408,-4.507165345192526e-05,1.810340032911098,0.6618369787142461,0.0,0.338163021285754,0.0
0.3,0.5,0.0005,1.0,optimal,0.00037973410723809515,0.0016897683713058328,0.012804632764118013,0.01111486439281218,0.8496115213800408,-4.507165345192526e-05,1.810340032911098,0.6618369787142461,0.0,0.338163021285754,0.0
0.3,0.6,0.0005,1.0,optimal,0.00037973410723809515,0.0018881943059285244,0.012442569551203316,0.010554375245274791,0.8496115213800408,-4.507165345192526e-05,1.810340032911098,0.6618369787142461,0.0,0.338163021285754,0.0
0.3,0.7,0.0005,1.0,optimal,0.00037973410723809515,0.002086620240551216,0.012080506338288617,0.009993886097737402,0.8496115213800408,-4.507165345192526e-05,1.810340032911098,0.6618369787142461,0.0,0.338163021285754,0.0
0.3,0.8,0.0005,1.0,optimal,0.00037973410723809515,0.0022850461751739077,0.01171844312537392,0.009433396950200013,0.8496115213800408,-4.507165345192526e-05,1.810340032911098,0.6618369787142461,0.0,0.338163021285754,0.0
0.3,0.9,0.0005,1.0,optimal,0.00037973410723809493,0.0024834721097966002,0.01135637991245922,0.00887290780266262,0.8496115213800404,-4.507165345192526e-05,1.8103400329111021,0.661836978714244,0.0,0.33816302128575604,0.0
0.3,1.0,0.0005,1.0,optimal,0.00037973410723809493,0.002681898044419292,0.010994316699544524,0.008312418655125232,0.8496115213800404,-4.507165345192526e-05,1.8103400329111021,0.661836978714244,0.0,0.33816302128575604,0.0
0.4,0.0,0.0005,1.0,optimal,0.00046670076170549774,0.0006966736776327018,0.014614948828691503,0.013918275151058802,0.8459280022513103,4.37367605798426e-05,1.846999180389042,0.6439075341481779,0.0,0.3560924658518222,0.0
0.4,0.1,0.0005,1.0,optimal,0.00046670076170549774,0.0008964945626322729,0.014252885615776806,0.013356391053144533,0.8459280022513103,4.37367605798426e-05,1.846999180389042,0.6439075341481779,0.0,0.3560924658518222,0.0
0.4,0.2,0.0005,1.0,optimal,0.00046670076170549774,0.001096315447631844,0.013890822402862109,0.012794506955230265,0.8459280022513103,4.37367605798426e-05,1.846999180389042,0.6439075341481779,0.0,0.3560924658518222,0.0
0.4,0.3,0.0005,1.0,optimal,0.00046670076170549774,0.0012961363326314153,0.013528759189947408,0.012232622857315993,0.8459280022513103,4.37367605798426e-05,1.846999180389042,0.6439075341481779,0.0,0.3560924658518222,0.0
0.4,0.4,0.0005,1.0,optimal,0.00046670076170549774,0.0014959572176309862,0.01316669597703271,0.011670738759401725,0.8459280022513103,4.37367605798426e-05,1.846999180389042,0.6439075341481779,0.0,0.3560924658518222,0.0
0.4,0.5,0.0005,1.0,optimal,0.00046670076170549774,0.0016957781026305575,0.012804632764118013,0.011108854661487456,0.8459280022513103,4.37367605798426e-05,1.846999180389042,0.6439075341481779,0.0,0.3560924658518222,0.0
0.4,0.6,0.0005,1.0,optimal,0.00046670076170549774,0.0018955989876301288,0.012442569551203316,0.010546970563573187,0.8459280022513103,4.37367605798426e-05,1.846999180389042,0.6439075341481779,0.0,0.3560924658518222,0.0
0.4,0.7,0.0005,1.0,optimal,0.00046670076170549774,0.0020954198726296997,0.012080506338288617,0.009985086465658918,0.8459280022513103,4.37367605798426e-05,1.846999180389042,0.6439075341481779,0.0,0.3560924658518222,0.0
0.4,0.8,0.0005,1.0,optimal,0.00046670076170549774,0.002295240757629271,0.01171844312537392,0.00942320236774465,0.8459280022513103,4.37367605798426e-05,1.846999180389042,0.6439075341481779,0.0,0.3560924658518222,0.0
0.4,0.9,0.0005,1.0,optimal,0.00046670076170549774,0.0024950616426288423,0.01135637991245922,0.008861318269830378,0.84592800225131,4.373676057984271e-05,1.846999180389043,0.6439075341481776,0.0,0.35609246585182247,0.0
0.4,1.0,0.0005,1.0,optimal,0.00046670076170549774,0.0026948825276284136,0.010994316699544524,0.00829943417191611,0.84592800225131,4.373676057984271e-05,1.846999180389043,0.6439075341481776,0.0,0.35609246585182247,0.0
0.5,0.0,0.0005,1.0,optimal,0.0005540994334242212,0.0006957086570730283,0.014614948828691503,0.013919240171618476,0.8426765003739003,0.00013276118323727102,1.8806149587484702,0.6259780895821101,0.0,0.3740219104178899,0.0
0.5,0.1,0.0005,1.0,optimal,0.0005540994334242212,0.000896924492449479,0.014252885615776806,0.013355961123327327,0.8426765003739003,0.00013276118323727102,1.8806149587484702,0.6259780895821101,0.0,0.3740219104178899,0.0
0.5,0.2,0.0005,1.0,optimal,0.0005540994334242212,0.0010981403278259299,0.013890822402862109,0.012792682075036178,0.8426765003739003,0.00013276118323727102,1.8806149587484702,0.6259780895821101,0.0,0.3740219104178899,0.0
0.5,0.3,0.0005,1.0,optimal,0.0005540994334242212,0.0012993561632023804,0.013528759189947408,0.012229403026745028,0.8426765003739003,0.00013276118323727102,1.8806149587484702,0.6259780895821101,0.0,0.3740219104178899,0.0
0.5,0.4,0.0005,1.0,optimal,0.0005540994334242212,0.0015005719985788312,0.01316669597703271,0.01166612397845388,0.8426765003739003,0.00013276118323727102,1.8806149587484702,0.6259780895821101,0.0,0.3740219104178899,0.0
0.5,0.5,0.0005,1.0,optimal,0.0005540994334242212,0.001701787833955282,0.012804632764118013,0.011102844930162732,0.8426765003739003,0.00013276118323727102,1.8806149587484702,0.6259780895821101,0.0,0.3740219104178899,0.0
0.5,0.6,0.0005,1.0,optimal,0.0005540994334242212,0.0019030036693317325,0.012442569551203316,0.010539565881871583,0.8426765003739003,0.00013276118323727102,1.8806149587484702,0.6259780895821101,0.0,0.3740219104178899,0.0
0.5,0.7,0.0005,1.0,optimal,0.0005540994334242212,0.0021042195047081833,0.012080506338288617,0.009976286833580435,0.8426765003739003,0.00013276118323727102,1.8806149587484702,0.6259780895821101,0.0,0.3740219104178899,0.0
0.5,0.8,0.0005,1.0,optimal,0.0005540994334242212,0.0023054353400846343,0.01171844312537392,0.009413007785289286,0.8426765003739003,0.00013276118323727102,1.8806149587484702,0.6259780895821101,0.0,0.3740219104178899,0.0
0.5,0.9,0.0005,1.0,optimal,0.0005540994334242212,0.0025066511754610835,0.01135637991245922,0.008849728736998137,0.8426765003739003,0.00013276118323727102,1.8806149587484684,0.6259780895821112,0.0,0.37402191041788874,0.0
0.5,1.0,0.0005,1.0,optimal,0.0005540994334242212,0.0027078670108375345,0.010994316699544524,0.008286449688706989,0.8426765003739003,0.00013276118323727102,1.8806149587484684,0.6259780895821112,0.0,0.37402191041788874,0.0
0.6,0.0,0.0005,1.0,optimal,0.0006419301223942653,0.0006947436365133548,0.014614948828691503,0.013920205192178148,0.8398570157478108,0.00022200161452035988,1.9107707533023253,0.6080486450160401,0.0,0.3919513549839599,0.0
0.6,0.1,0.0005,1.0,optimal,0.0006419301223942653,0.0008973544222666852,0.014252885615776806,0.013355531193510121,0.8398570157478108,0.00022200161452035988,1.9107707533023253,0.6080486450160401,0.0,0.3919513549839599,0.0
0.6,0.2,0.0005,1.0,optimal,0.0006419301223942653,0.0010999652080200158,0.013890822402862109,0.012790857194842093,0.8398570157478108,0.00022200161452035988,1.9107707533023253,0.6080486450160401,0.0,0.3919513549839599,0.0
0.6,0.3,0.0005,1.0,optimal,0.0006419301223942653,0.0013025759937733462,0.013528759189947408,0.012226183196174061,0.8398570157478108,0.00022200161452035988,1.9107707533023253,0.6080486450160401,0.0,0.3919513549839599,0.0
0.6,0.4,0.0005,1.0,optimal,0.0006419301223942653,0.0015051867795266767,0.01316669597703271,0.011661509197506035,0.8398570157478108,0.00022200161452035988,1.9107707533023253,0.6080486450160401,0.0,0.3919513549839599,0.0
0.6,0.5,0.0005,1.0,optimal,0.0006419301223942653,0.0017077975652800073,0.012804632764118013,0.011096835198838006,0.8398570157478108,0.00022200161452035988,1.9107707533023253,0.6080486450160401,0.0,0.3919513549839599,0.0
0.6,0.6,0.0005,1.0,optimal,0.0006419301223942653,0.0019104083510333375,0.012442569551203316,0.01053216120016998,0.8398570157478108,0.00022200161452035988,1.9107707533023253,0.6080486450160401,0.0,0.3919513549839599,0.0
0.6,0.7,0.0005,1.0,optimal,0.0006419301223942653,0.0021130191367866678,0.012080506338288617,0.00996748720150195,0.8398570157478108,0.00022200161452035988,1.9107707533023253,0.6080486450160401,0.0,0.3919513549839599,0.0
0.6,0.8,0.0005,1.0,optimal,0.0006419301223942653,0.002315629922539999,0.01171844312537392,0.009402813202833921,0.8398570157478108,0.00022200161452035988,1.9107707533023253,0.6080486450160401,0.0,0.3919513549839599,0.0
0.6,0.9,0.0005,1.0,optimal,0.0006419301223942655,0.0025182407082933265,0.01135637991245922,0.008838139204165894,0.8398570157478114,0.00022200161452035983,1.9107707533023197,0.6080486450160435,0.0,0.3919513549839565,0.0
0.6,1.0,0.0005,1.0,optimal,0.0006419301223942655,0.002720851494046657,0.010994316699544524,0.008273465205497866,0.8398570157478114,0.00022200161452035983,1.9107707533023197,0.6080486450160435,0.0,0.3919513549839565,0.0
0.7,0.0,0.0005,1.0,optimal,0.0007301928286156305,0.0006937786159536817,0.014614948828691503,0.013921170212737822,0.8374695483730431,0.0003114580544291089,1.9370724931899206,0.5901192004499746,0.0,0.4098807995500255,0.0
0.7,0.1,0.0005,1.0,optimal,0.0007301928286156305,0.0008977843520838916,0.014252885615776806,0.013355101263692914,0.8374695483730431,0.0003114580544291089,1.9370724931899206,0.5901192004499746,0.0,0.4098807995500255,0.0
0.7,0.2,0.0005,1.0,optimal,0.0007301928286156305,0.0011017900882141014,0.013890822402862109,0.012789032314648008,0.8374695483730431,0.0003114580544291089,1.9370724931899206,0.5901192004499746,0.0,0.4098807995500255,0.0
0.7,0.3,0.0005,1.0,optimal,0.0007301928286156305,0.0013057958243443113,0.013528759189947408,0.012222963365603096,0.8374695483730431,0.0003114580544291089,1.9370724931899206,0.5901192004499746,0.0,0.4098807995500255,0.0
0.7,0.4,0.0005,1.0,optimal,0.0007301928286156305,0.0015098015604745212,0.01316669597703271,0.01165689441655819,0.8374695483730431,0.0003114580544291089,1.9370724931899206,0.5901192004499746,0.0,0.4098807995500255,0.0
0.7,0.5,0.0005,1.0,optimal,0.0007301928286156305,0.0017138072966047311,0.012804632764118013,0.011090825467513282,0.8374695483730431,0.0003114580544291089,1.9370724931899206,0.5901192004499746,0.0,0.4098807995500255,0.0
0.7,0.6,0.0005,1.0,optimal,0.0007301928286156305,0.0019178130327349408,0.012442569551203316,0.010524756518468376,0.8374695483730431,0.0003114580544291089,1.9370724931899206,0.5901192004499746,0.0,0.4098807995500255,0.0
0.7,0.7,0.0005,1.0,optimal,0.0007301928286156305,0.0021218187688651505,0.012080506338288617,0.009958687569423468,0.8374695483730431,0.0003114580544291089,1.9370724931899206,0.5901192004499746,0.0,0.4098807995500255,0.0
0.7,0.8,0.0005,1.0,optimal,0.0007301928286156305,0.002325824504995361,0.01171844312537392,0.00939261862037856,0.8374695483730431,0.0003114580544291089,1.9370724931899206,0.5901192004499746,0.0,0.4098807995500255,0.0
0.7,0.9,0.0005,1.0,optimal,0.0007301928286156305,0.0025298302411255703,0.01135637991245922,0.008826549671333651,0.8374695483730432,0.00031145805442910887,1.9370724931899201,0.5901192004499751,0.0,0.40988079955002493,0.0
0.7,1.0,0.0005,1.0,optimal,0.0007301928286156305,0.00273383597725578,0.010994316699544524,0.008260480722288743,0.8374695483730432,0.00031145805442910887,1.9370724931899201,0.5901192004499751,0.0,0.40988079955002493,0.0
0.8,0.0,0.0005,1.0,optimal,0.0008188875520883166,0.0006928135953940084,0.014614948828691503,0.013922135233297495,0.835514098249596,0.0004011305029635186,1.9591604320659708,0.572189755883908,0.0,0.42781024411609214,0.0
0.8,0.1,0.0005,1.0,optimal,0.0008188875520883166,0.0008982142819010978,0.014252885615776806,0.013354671333875709,0.835514098249596,0.0004011305029635186,1.9591604320659708,0.572189755883908,0.0,0.42781024411609214,0.0
0.8,0.2,0.0005,1.0,optimal,0.0008188875520883166,0.0011036149684081871,0.013890822402862109,0.012787207434453923,0.835514098249596,0.0004011305029635186,1.9591604320659708,0.572189755883908,0.0,0.42781024411609214,0.0
0.8,0.3,0.0005,1.0,optimal,0.0008188875520883166,0.0013090156549152765,0.013528759189947408,0.012219743535032131,0.835514098249596,0.0004011305029635186,1.9591604320659708,0.572189755883908,0.0,0.42781024411609214,0.0
0.8,0.4,0.0005,1.0,optimal,0.0008188875520883166,0.0015144163414223658,0.01316669597703271,0.011652279635610345,0.835514098249596,0.0004011305029635186,1.9591604320659708,0.572189755883908,0.0,0.42781024411609214,0.0
0.8,0.5,0.0005,1.0,optimal,0.0008188875520883166,0.0017198170279294554,0.012804632764118013,0.011084815736188558,0.835514098249596,0.0004011305029635186,1.9591604320659708,0.572189755883908,0.0,0.42781024411609214,0.0
0.8,0.6,0.0005,1.0,optimal,0.0008188875520883166,0.0019252177144365445,0.012442569551203316,0.010517351836766772,0.835514098249596,0.0004011305029635186,1.9591604320659708,0.572189755883908,0.0,0.42781024411609214,0.0
0.8,0.7,0.0005,1.0,optimal,0.0008188875520883166,0.002130618400943634,0.012080506338288617,0.009949887937344984,0.835514098249596,0.0004011305029635186,1.9591604320659708,0.572189755883908,0.0,0.42781024411609214,0.0
0.8,0.8,0.0005,1.0,optimal,0.0008188875520883166,0.0023360190874507237,0.01171844312537392,0.009382424037923196,0.835514098249596,0.0004011305029635186,1.9591604320659708,0.572189755883908,0.0,0.42781024411609214,0.0
0.8,0.9,0.0005,1.0,optimal,0.0008188875520883165,0.0025414197739578133,0.01135637991245922,0.008814960138501408,0.8355140982495958,0.0004011305029635186,1.9591604320659721,0.5721897558839072,0.0,0.4278102441160928,0.0
0.8,1.0,0.0005,1.0,optimal,0.0008188875520883165,0.002746820460464903,0.010994316699544524,0.00824749623907962,0.8355140982495958,0.0004011305029635186,1.9591604320659721,0.5721897558839072,0.0,0.4278102441160928,0.0
0.9,0.0,0.0005,1.0,optimal,0.0009080142928123234,0.000691848574834335,0.014614948828691503,0.013923100253857169,0.8339906653774696,0.0004910189601235887,1.9767207028191258,0.5542603113178413,0.0,0.44573968868215885,0.0
0.9,0.1,0.0005,1.0,optimal,0.0009080142928123234,0.000898644211718304,0.014252885615776806,0.013354241404058501,0.8339906653774696,0.0004910189601235887,1.9767207028191258,0.5542603113178413,0.0,0.44573968868215885,0.0
0.9,0.2,0.0005,1.0,optimal,0.0009080142928123234,0.0011054398486022728,0.013890822402862109,0.012785382554259836,0.8339906653774696,0.0004910189601235887,1.9767207028191258,0.5542603113178413,0.0,0.44573968868215885,0.0
0.9,0.3,0.0005,1.0,optimal,0.0009080142928123234,0.0013122354854862416,0.013528759189947408,0.012216523704461166,0.8339906653774696,0.0004910189601235887,1.9767207028191258,0.5542603113178413,0.0,0.44573968868215885,0.0
0.9,0.4,0.0005,1.0,optimal,0.0009080142928123234,0.0015190311223702106,0.01316669597703271,0.0116476648546625,0.8339906653774696,0.0004910189601235887,1.9767207028191258,0.5542603113178413,0.0,0.44573968868215885,0.0
0.9,0.5,0.0005,1.0,optimal,0.0009080142928123234,0.0017258267592541797,0.012804632764118013,0.011078806004863833,0.8339906653774696,0.0004910189601235887,1.9767207028191258,0.5542603113178413,0.0,0.44573968868215885,0.0
0.9,0.6,0.0005,1.0,optimal,0.0009080142928123234,0.0019326223961381483,0.012442569551203316,0.010509947155065168,0.8339906653774696,0.0004910189601235887,1.9767207028191258,0.5542603113178413,0.0,0.44573968868215885,0.0
0.9,0.7,0.0005,1.0,optimal,0.0009080142928123234,0.0021394180330221173,0.012080506338288617,0.0099410883052665,0.8339906653774696,0.0004910189601235887,1.9767207028191258,0.5542603113178413,0.0,0.44573968868215885,0.0
0.9,0.8,0.0005,1.0,optimal,0.0009080142928123234,0.002346213669906086,0.01171844312537392,0.009372229455467833,0.8339906653774696,0.0004910189601235887,1.9767207028191258,0.5542603113178413,0.0,0.44573968868215885,0.0
0.9,0.9,0.0005,1.0,optimal,0.0009080142928123233,0.002553009306790056,0.01135637991245922,0.008803370605669165,0.8339906653774694,0.0004910189601235887,1.976720702819128,0.5542603113178391,0.0,0.4457396886821609,0.0
0.9,1.0,0.0005,1.0,optimal,0.0009080142928123233,0.0027598049436740255,0.010994316699544524,0.008234511755870498,0.8339906653774694,0.0004910189601235887,1.976720702819128,0.5542603113178391,0.0,0.4457396886821609,0.0
1.0,0.0,0.0005,1.0,optimal,0.0009975730507876509,0.0006908835542746615,0.014614948828691503,0.013924065274416843,0.8328992497566637,0.000581123425909319,1.9894960032093998,0.5363308667517724,0.0,0.4636691332482276,0.0
1.0,0.1,0.0005,1.0,optimal,0.0009975730507876509,0.0008990741415355102,0.014252885615776806,0.013353811474241296,0.8328992497566637,0.000581123425909319,1.9894960032093998,0.5363308667517724,0.0,0.4636691332482276,0.0
1.0,0.2,0.0005,1.0,optimal,0.0009975730507876509,0.0011072647287963587,0.013890822402862109,0.01278355767406575,0.8328992497566637,0.000581123425909319,1.9894960032093998,0.5363308667517724,0.0,0.4636691332482276,0.0
1.0,0.3,0.0005,1.0,optimal,0.0009975730507876509,0.0013154553160572072,0.013528759189947408,0.012213303873890202,0.8328992497566637,0.000581123425909319,1.9894960032093998,0.5363308667517724,0.0,0.4636691332482276,0.0
1.0,0.4,0.0005,1.0,optimal,0.0009975730507876509,0.0015236459033180557,0.01316669597703271,0.011643050073714654,0.8328992497566637,0.000581123425909319,1.9894960032093998,0.5363308667517724,0.0,0.4636691332482276,0.0
1.0,0.5,0.0005,1.0,optimal,0.0009975730507876509,0.0017318364905789044,0.012804632764118013,0.011072796273539109,0.8328992497566637,0.000581123425909319,1.9894960032093998,0.5363308667517724,0.0,0.4636691332482276,0.0
1.0,0.6,0.0005,1.0,optimal,0.0009975730507876509,0.0019400270778397529,0.012442569551203316,0.010502542473363564,0.8328992497566637,0.000581123425909319,1.9894960032093998,0.5363308667517724,0.0,0.4636691332482276,0.0
1.0,0.7,0.0005,1.0,optimal,0.0009975730507876509,0.0021482176651006013,0.012080506338288617,0.009932288673188017,0.8328992497566637,0.000581123425909319,1.9894960032093998,0.5363308667517724,0.0,0.4636691332482276,0.0
1.0,0.8,0.0005,1.0,optimal,0.0009975730507876509,0.0023564082523614503,0.01171844312537392,0.00936203487301247,0.8328992497566637,0.000581123425909319,1.9894960032093998,0.5363308667517724,0.0,0.4636691332482276,0.0
1.0,0.9,0.0005,1.0,optimal,0.0009975730507876509,0.0025645988396222983,0.01135637991245922,0.008791781072836923,0.8328992497566636,0.0005811234259093191,1.9894960032093998,0.5363308667517727,0.0,0.4636691332482274,0.0
1.0,1.0,0.0005,1.0,optimal,0.0009975730507876509,0.002772789426883147,0.010994316699544524,0.008221527272661375,0.8328992497566636,0.0005811234259093191,1.9894960032093998,0.5363308667517727,0.0,0.4636691332482274,0.0
0.0,0.0,0.001,1.0,optimal,0.00010580531649840455,0.0006947309348341429,0.014614948828691503,0.01392021789385736,0.8398227860060461,-0.0007340174695076415,1.9111428003993924,0.607812656206224,0.0,0.3921873437937759,0.0
0.0,0.1,0.001,1.0,optimal,0.00010580531649840455,0.0008973600810379592,0.014252885615776806,0.013355525534738847,0.8398227860060461,-0.0007340174695076415,1.9111428003993924,0.607812656206224,0.0,0.3921873437937759,0.0
0.0,0.2,0.001,1.0,optimal,0.00010580531649840455,0.0010999892272417753,0.013890822402862109,0.012790833175620334,0.8398227860060461,-0.0007340174695076415,1.9111428003993924,0.607812656206224,0.0,0.3921873437937759,0.0
0.0,0.3,0.001,1.0,optimal,0.00010580531649840455,0.0013026183734455915,0.013528759189947408,0.012226140816501817,0.8398227860060461,-0.0007340174695076415,1.9111428003993924,0.607812656206224,0.0,0.3921873437937759,0.0
0.0,0.4,0.001,1.0,optimal,0.00010580531649840455,0.0015052475196494076,0.01316669597703271,0.011661448457383303,0.8398227860060461,-0.0007340174695076415,1.9111428003993924,0.607812656206224,0.0,0.3921873437937759,0.0
0.0,0.5,0.001,1.0,optimal,0.00010580531649840455,0.001707876665853224,0.012804632764118013,0.01109675609826479,0.8398227860060461,-0.0007340174695076415,1.9111428003993924,0.607812656206224,0.0,0.3921873437937759,0.0
0.0,0.6,0.001,1.0,optimal,0.00010580531649840455,0.0019105058120570402,0.012442569551203316,0.010532063739146277,0.8398227860060461,-0.0007340174695076415,1.9111428003993924,0.607812656206224,0.0,0.3921873437937759,0.0
0.0,0.7,0.001,1.0,optimal,0.00010580531649840455,0.002113134958260856,0.012080506338288617,0.009967371380027762,0.8398227860060461,-0.0007340174695076415,1.9111428003993924,0.607812656206224,0.0,0.3921873437937759,0.0
0.0,0.8,0.001,1.0,optimal,0.00010580531649840455,0.0023157641044646727,0.01171844312537392,0.009402679020909247,0.8398227860060461,-0.0007340174695076415,1.9111428003993924,0.607812656206224,0.0,0.3921873437937759,0.0
0.0,0.9,0.001,1.0,optimal,0.00010580531649840441,0.0025183932506684893,0.01135637991245922,0.008837986661790732,0.8398227860060459,-0.0007340174695076415,1.9111428003993942,0.6078126562062232,0.0,0.3921873437937768,0.0
0.0,1.0,0.001,1.0,optimal,0.00010580531649840441,0.002721022396872306,0.010994316699544524,0.008273294302672218,0.8398227860060459,-0.0007340174695076415,1.9111428003993942,0.6078126562062232,0.0,0.3921873437937768,0.0
0.1,0.0,0.001,1.0,optimal,0.00019396570465319126,0.0006942484245543064,0.014614948828691503,0.013920700404137197,0.838577893285373,-0.0006446121886321818,1.9247728401236968,0.5988479339231905,0.0,0.40115206607680964,0.0
0.1,0.1,0.001,1.0,optimal,0.00019396570465319126,0.0008975750459465624,0.014252885615776806,0.013355310569830244,0.838577893285373,-0.0006446121886321818,1.9247728401236968,0.5988479339231905,0.0,0.40115206607680964,0.0
0.1,0.2,0.001,1.0,optimal,0.00019396570465319126,0.0011009016673388184,0.013890822402862109,0.012789920735523291,0.838577893285373,-0.0006446121886321818,1.9247728401236968,0.5988479339231905,0.0,0.40115206607680964,0.0
0.1,0.3,0.001,1.0,optimal,0.00019396570465319126,0.0013042282887310744,0.013528759189947408,0.012224530901216333,0.838577893285373,-0.0006446121886321818,1.9247728401236968,0.5988479339231905,0.0,0.40115206607680964,0.0
0.1,0.4,0.001,1.0,optimal,0.00019396570465319126,0.0015075549101233304,0.01316669597703271,0.01165914106690938,0.838577893285373,-0.0006446121886321818,1.9247728401236968,0.5988479339231905,0.0,0.40115206607680964,0.0
0.1,0.5,0.001,1.0,optimal,0.00019396570465319126,0.0017108815315155864,0.012804632764118013,0.011093751232602428,0.838577893285373,-0.0006446121886321818,1.9247728401236968,0.5988479339231905,0.0,0.40115206607680964,0.0
0.1,0.6,0.001,1.0,optimal,0.00019396570465319126,0.0019142081529078423,0.012442569551203316,0.010528361398295473,0.838577893285373,-0.0006446121886321818,1.9247728401236968,0.5988479339231905,0.0,0.40115206607680964,0.0
0.1,0.7,0.001,1.0,optimal,0.00019396570465319126,0.0021175347743000983,0.012080506338288617,0.009962971563988518,0.838577893285373,-0.0006446121886321818,1.9247728401236968,0.5988479339231905,0.0,0.40115206607680964,0.0
0.1,0.8,0.001,1.0,optimal,0.00019396570465319126,0.0023208613956923543,0.01171844312537392,0.009397581729681566,0.838577893285373,-0.0006446121886321818,1.9247728401236968,0.5988479339231905,0.0,0.40115206607680964,0.0
0.1,0.9,0.001,1.0,optimal,0.00019396570465319117,0.0025241880170846108,0.01135637991245922,0.008832191895374611,0.8385778932853727,-0.0006446121886321815,1.924772840123698,0.5988479339231898,0.0,0.40115206607681025,0.0
0.1,1.0,0.001,1.0,optimal,0.00019396570465319117,0.002727514638476867,0.010994316699544524,0.008266802061067656,0.8385778932853727,-0.0006446121886321815,1.924772840123698,0.5988479339231898,0.0,0.40115206607681025,0.0
0.2,0.0,0.001,1.0,optimal,0.0002823421014336383,0.0006937659142744696,0.014614948828691503,0.013921182914417034,0.8374410048775296,-0.0005550989034438914,1.937391325962304,0.5898832116401561,0.0,0.4101167883598439,0.0
0.2,0.1,0.001,1.0,optimal,0.0002823421014336383,0.0008977900108551654,0.014252885615776806,0.013355095604921641,0.8374410048775296,-0.0005550989034438914,1.937391325962304,0.5898832116401561,0.0,0.4101167883598439,0.0
0.2,0.2,0.001,1.0,optimal,0.0002823421014336383,0.0011018141074358612,0.013890822402862109,0.012789008295426247,0.8374410048775296,-0.0005550989034438914,1.937391325962304,0.5898832116401561,0.0,0.4101167883598439,0.0
0.2,0.3,0.001,1.0,optimal,0.0002823421014336383,0.001305838204016557,0.013528759189947408,0.01222292098593085,0.8374410048775296,-0.0005550989034438914,1.937391325962304,0.5898832116401561,0.0,0.4101167883598439,0.0
0.2,0.4,0.001,1.0,optimal,0.0002823421014336383,0.0015098623005972529,0.01316669597703271,0.011656833676435458,0.8374410048775296,-0.0005550989034438914,1.937391325962304,0.5898832116401561,0.0,0.4101167883598439,0.0
0.2,0.5,0.001,1.0,optimal,0.0002823421014336383,0.0017138863971779487,0.012804632764118013,0.011090746366940065,0.8374410048775296,-0.0005550989034438914,1.937391325962304,0.5898832116401561,0.0,0.4101167883598439,0.0
0.2,0.6,0.001,1.0,optimal,0.0002823421014336383,0.0019179104937586443,0.012442569551203316,0.010524659057444673,0.8374410048775296,-0.0005550989034438914,1.937391325962304,0.5898832116401561,0.0,0.4101167883598439,0.0
0.2,0.7,0.001,1.0,optimal,0.0002823421014336383,0.00212193459033934,0.012080506338288617,0.009958571747949277,0.8374410048775296,-0.0005550989034438914,1.937391325962304,0.5898832116401561,0.0,0.4101167883598439,0.0
0.2,0.8,0.001,1.0,optimal,0.0002823421014336383,0.002325958686920036,0.01171844312537392,0.009392484438453884,0.8374410048775296,-0.0005550989034438914,1.937391325962304,0.5898832116401561,0.0,0.4101167883598439,0.0
0.2,0.9,0.001,1.0,optimal,0.0002823421014336383,0.0025299827835007322,0.01135637991245922,0.00882639712895849,0.8374410048775296,-0.0005550989034438914,1.9373913259623043,0.5898832116401558,0.0,0.4101167883598442,0.0
0.2,1.0,0.001,1.0,optimal,0.0002823421014336383,0.0027340068800814276,0.010994316699544524,0.008260309819463095,0.8374410048775296,-0.0005550989034438914,1.9373913259623043,0.5898832116401558,0.0,0.4101167883598442,0.0
0.3,0.0,0.001,1.0,optimal,0.00037093450683974596,0.0006932834039946329,0.014614948828691503,0.013921665424696871,0.8364121207825169,-0.000465477613942771,1.9489545272199618,0.5809184893571235,0.0,0.41908151064287646,0.0
0.3,0.1,0.001,1.0,optimal,0.00037093450683974596,0.0008980049757637684,0.014252885615776806,0.013354880640013039,0.8364121207825169,-0.000465477613942771,1.9489545272199618,0.5809184893571235,0.0,0.41908151064287646,0.0
0.3,0.2,0.001,1.0,optimal,0.00037093450683974596,0.001102726547532904,0.013890822402862109,0.012788095855329204,0.8364121207825169,-0.000465477613942771,1.9489545272199618,0.5809184893571235,0.0,0.41908151064287646,0.0
0.3,0.3,0.001,1.0,optimal,0.00037093450683974596,0.0013074481193020395,0.013528759189947408,0.012221311070645368,0.8364121207825169,-0.000465477613942771,1.9489545272199618,0.5809184893571235,0.0,0.41908151064287646,0.0
0.3,0.4,0.001,1.0,optimal,0.00037093450683974596,0.001512169691071175,0.01316669597703271,0.011654526285961536,0.8364121207825169,-0.000465477613942771,1.9489545272199618,0.5809184893571235,0.0,0.41908151064287646,0.0
0.3,0.5,0.001,1.0,optimal,0.00037093450683974596,0.0017168912628403106,0.012804632764118013,0.011087741501277703,0.8364121207825169,-0.000465477613942771,1.9489545272199618,0.5809184893571235,0.0,0.41908151064287646,0.0
0.3,0.6,0.001,1.0,optimal,0.00037093450683974596,0.0019216128346094459,0.012442569551203316,0.01052095671659387,0.8364121207825169,-0.000465477613942771,1.9489545272199618,0.5809184893571235,0.0,0.41908151064287646,0.0
0.3,0.7,0.001,1.0,optimal,0.00037093450683974596,0.0021263344063785815,0.012080506338288617,0.009954171931910036,0.8364121207825169,-0.000465477613942771,1.9489545272199618,0.5809184893571235,0.0,0.41908151064287646,0.0
0.3,0.8,0.001,1.0,optimal,0.00037093450683974596,0.002331055978147717,0.01171844312537392,0.009387387147226202,0.8364121207825169,-0.000465477613942771,1.9489545272199618,0.5809184893571235,0.0,0.41908151064287646,0.0
0.3,0.9,0.001,1.0,optimal,0.0003709345068397458,0.0025357775499168533,0.01135637991245922,0.008820602362542368,0.8364121207825167,-0.0004654776139427709,1.948954527219963,0.5809184893571223,0.0,0.4190815106428777,0.0
0.3,1.0,0.001,1.0,optimal,0.0003709345068397458,0.002740499121685989,0.010994316699544524,0.008253817577858535,0.8364121207825167,-0.0004654776139427709,1.948954527219963,0.5809184893571223,0.0,0.4190815106428777,0.0
0.4,0.0,0.001,1.0,optimal,0.00045974292087151377,0.0006928008937147962,0.014614948828691503,0.013922147934976706,0.8354912410003341,-0.00037574832012882034,1.9594215967381747,0.5719537670740887,0.0,0.42804623292591126,0.0
0.4,0.1,0.001,1.0,optimal,0.00045974292087151377,0.0008982199406723716,0.014252885615776806,0.013354665675104434,0.8354912410003341,-0.00037574832012882034,1.9594215967381747,0.5719537670740887,0.0,0.42804623292591126,0.0
0.4,0.2,0.001,1.0,optimal,0.00045974292087151377,0.0011036389876299471,0.013890822402862109,0.012787183415232162,0.8354912410003341,-0.00037574832012882034,1.9594215967381747,0.5719537670740887,0.0,0.42804623292591126,0.0
0.4,0.3,0.001,1.0,optimal,0.00045974292087151377,0.0013090580345875222,0.013528759189947408,0.012219701155359886,0.8354912410003341,-0.00037574832012882034,1.9594215967381747,0.5719537670740887,0.0,0.42804623292591126,0.0
0.4,0.4,0.001,1.0,optimal,0.00045974292087151377,0.0015144770815450977,0.01316669597703271,0.011652218895487614,0.8354912410003341,-0.00037574832012882034,1.9594215967381747,0.5719537670740887,0.0,0.42804623292591126,0.0
0.4,0.5,0.001,1.0,optimal,0.00045974292087151377,0.0017198961285026732,0.012804632764118013,0.01108473663561534,0.8354912410003341,-0.00037574832012882034,1.9594215967381747,0.5719537670740887,0.0,0.42804623292591126,0.0
0.4,0.6,0.001,1.0,optimal,0.00045974292087151377,0.0019253151754602485,0.012442569551203316,0.010517254375743067,0.8354912410003341,-0.00037574832012882034,1.9594215967381747,0.5719537670740887,0.0,0.42804623292591126,0.0
0.4,0.7,0.001,1.0,optimal,0.00045974292087151377,0.0021307342224178238,0.012080506338288617,0.009949772115870793,0.8354912410003341,-0.00037574832012882034,1.9594215967381747,0.5719537670740887,0.0,0.42804623292591126,0.0
0.4,0.8,0.001,1.0,optimal,0.00045974292087151377,0.0023361532693753993,0.01171844312537392,0.00938228985599852,0.8354912410003341,-0.00037574832012882034,1.9594215967381747,0.5719537670740887,0.0,0.42804623292591126,0.0
0.4,0.9,0.001,1.0,optimal,0.00045974292087151377,0.0025415723163329748,0.01135637991245922,0.008814807596126246,0.835491241000334,-0.00037574832012882023,1.9594215967381752,0.5719537670740883,0.0,0.4280462329259117,0.0
0.4,1.0,0.001,1.0,optimal,0.00045974292087151377,0.0027469913632905503,0.010994316699544524,0.008247325336253972,0.835491241000334,-0.00037574832012882023,1.9594215967381752,0.5719537670740883,0.0,0.4280462329259117,0.0
0.5,0.0,0.001,1.0,optimal,0.0005487673435289421,0.0006923183834349596,0.014614948828691503,0.013922630445256544,0.8346783655309817,-0.00028591102200203964,1.9687549163363325,0.5629890447910542,0.0,0.43701095520894595,0.0
0.5,0.1,0.001,1.0,optimal,0.0005487673435289421,0.0008984349055809748,0.014252885615776806,0.013354450710195831,0.8346783655309817,-0.00028591102200203964,1.9687549163363325,0.5629890447910542,0.0,0.43701095520894595,0.0
0.5,0.2,0.001,1.0,optimal,0.0005487673435289421,0.0011045514277269902,0.013890822402862109,0.012786270975135119,0.8346783655309817,-0.00028591102200203964,1.9687549163363325,0.5629890447910542,0.0,0.43701095520894595,0.0
0.5,0.3,0.001,1.0,optimal,0.0005487673435289421,0.0013106679498730053,0.013528759189947408,0.012218091240074403,0.8346783655309817,-0.00028591102200203964,1.9687549163363325,0.5629890447910542,0.0,0.43701095520894595,0.0
0.5,0.4,0.001,1.0,optimal,0.0005487673435289421,0.0015167844720190204,0.01316669597703271,0.01164991150501369,0.8346783655309817,-0.00028591102200203964,1.9687549163363325,0.5629890447910542,0.0,0.43701095520894595,0.0
0.5,0.5,0.001,1.0,optimal,0.0005487673435289421,0.0017229009941650358,0.012804632764118013,0.011081731769952977,0.8346783655309817,-0.00028591102200203964,1.9687549163363325,0.5629890447910542,0.0,0.43701095520894595,0.0
0.5,0.6,0.001,1.0,optimal,0.0005487673435289421,0.0019290175163110509,0.012442569551203316,0.010513552034892265,0.8346783655309817,-0.00028591102200203964,1.9687549163363325,0.5629890447910542,0.0,0.43701095520894595,0.0
0.5,0.7,0.001,1.0,optimal,0.0005487673435289421,0.002135134038457066,0.012080506338288617,0.009945372299831551,0.8346783655309817,-0.00028591102200203964,1.9687549163363325,0.5629890447910542,0.0,0.43701095520894595,0.0
0.5,0.8,0.001,1.0,optimal,0.0005487673435289421,0.0023412505606030818,0.01171844312537392,0.009377192564770837,0.8346783655309817,-0.00028591102200203964,1.9687549163363325,0.5629890447910542,0.0,0.43701095520894595,0.0
0.5,0.9,0.001,1.0,optimal,0.0005487673435289422,0.002547367082749096,0.01135637991245922,0.008809012829710125,0.8346783655309818,-0.00028591102200203964,1.9687549163363316,0.5629890447910548,0.0,0.4370109552089453,0.0
0.5,1.0,0.001,1.0,optimal,0.0005487673435289422,0.0027534836048951116,0.010994316699544524,0.008240833094649413,0.8346783655309818,-0.00028591102200203964,1.9687549163363316,0.5629890447910548,0.0,0.4370109552089453,0.0
0.6,0.0,0.001,1.0,optimal,0.000638007774812031,0.0006918358731551229,0.014614948828691503,0.01392311295553638,0.8339734943744594,-0.0001959657195624285,1.9769204233614968,0.5540243225080216,0.0,0.4459756774919784,0.0
0.6,0.1,0.001,1.0,optimal,0.000638007774812031,0.0008986498704895778,0.014252885615776806,0.013354235745287229,0.8339734943744594,-0.0001959657195624285,1.9769204233614968,0.5540243225080216,0.0,0.4459756774919784,0.0
0.6,0.2,0.001,1.0,optimal,0.000638007774812031,0.0011054638678240328,0.013890822402862109,0.012785358535038076,0.8339734943744594,-0.0001959657195624285,1.9769204233614968,0.5540243225080216,0.0,0.4459756774919784,0.0
0.6,0.3,0.001,1.0,optimal,0.000638007774812031,0.0013122778651584875,0.013528759189947408,0.012216481324788921,0.8339734943744594,-0.0001959657195624285,1.9769204233614968,0.5540243225080216,0.0,0.4459756774919784,0.0
0.6,0.4,0.001,1.0,optimal,0.000638007774812031,0.0015190918624929427,0.01316669597703271,0.011647604114539769,0.8339734943744594,-0.0001959657195624285,1.9769204233614968,0.5540243225080216,0.0,0.4459756774919784,0.0
0.6,0.5,0.001,1.0,optimal,0.000638007774812031,0.0017259058598273974,0.012804632764118013,0.011078726904290615,0.8339734943744594,-0.0001959657195624285,1.9769204233614968,0.5540243225080216,0.0,0.4459756774919784,0.0
0.6,0.6,0.001,1.0,optimal,0.000638007774812031,0.0019327198571618522,0.012442569551203316,0.010509849694041465,0.8339734943744594,-0.0001959657195624285,1.9769204233614968,0.5540243225080216,0.0,0.4459756774919784,0.0
0.6,0.7,0.001,1.0,optimal,0.000638007774812031,0.002139533854496307,0.012080506338288617,0.009940972483792311,0.8339734943744594,-0.0001959657195624285,1.9769204233614968,0.5540243225080216,0.0,0.4459756774919784,0.0
0.6,0.8,0.001,1.0,optimal,0.000638007774812031,0.0023463478518307625,0.01171844312537392,0.009372095273543157,0.8339734943744594,-0.0001959657195624285,1.9769204233614968,0.5540243225080216,0.0,0.4459756774919784,0.0
0.6,0.9,0.001,1.0,optimal,0.0006380077748120311,0.0025531618491652173,0.01135637991245922,0.008803218063294004,0.8339734943744596,-0.0001959657195624285,1.9769204233614968,0.5540243225080214,0.0,0.4459756774919787,0.0
0.6,1.0,0.001,1.0,optimal,0.0006380077748120311,0.002759975846499672,0.010994316699544524,0.008234340853044851,0.8339734943744596,-0.0001959657195624285,1.9769204233614968,0.5540243225080214,0.0,0.4459756774919787,0.0
0.7,0.0,0.001,1.0,optimal,0.0007274642147207802,0.0006913533628752863,0.014614948828691503,0.013923595465816218,0.8333766275307675,-0.00010591241280998736,1.9838879132543248,0.5450596002249878,0.0,0.45494039977501227,0.0
0.7,0.1,0.001,1.0,optimal,0.0007274642147207802,0.0008988648353981811,0.014252885615776806,0.013354020780378626,0.8333766275307675,-0.00010591241280998736,1.9838879132543248,0.5450596002249878,0.0,0.45494039977501227,0.0
0.7,0.2,0.001,1.0,optimal,0.0007274642147207802,0.0011063763079210759,0.013890822402862109,0.012784446094941032,0.8333766275307675,-0.00010591241280998736,1.9838879132543248,0.5450596002249878,0.0,0.45494039977501227,0.0
0.7,0.3,0.001,1.0,optimal,0.0007274642147207802,0.0013138877804439704,0.013528759189947408,0.012214871409503437,0.8333766275307675,-0.00010591241280998736,1.9838879132543248,0.5450596002249878,0.0,0.45494039977501227,0.0
0.7,0.4,0.001,1.0,optimal,0.0007274642147207802,0.001521399252966865,0.01316669597703271,0.011645296724065845,0.8333766275307675,-0.00010591241280998736,1.9838879132543248,0.5450596002249878,0.0,0.45494039977501227,0.0
0.7,0.5,0.001,1.0,optimal,0.0007274642147207802,0.0017289107254897596,0.012804632764118013,0.011075722038628253,0.8333766275307675,-0.00010591241280998736,1.9838879132543248,0.5450596002249878,0.0,0.45494039977501227,0.0
0.7,0.6,0.001,1.0,optimal,0.0007274642147207802,0.0019364221980126544,0.012442569551203316,0.010506147353190661,0.8333766275307675,-0.00010591241280998736,1.9838879132543248,0.5450596002249878,0.0,0.45494039977501227,0.0
0.7,0.7,0.001,1.0,optimal,0.0007274642147207802,0.002143933670535549,0.012080506338288617,0.009936572667753068,0.8333766275307675,-0.00010591241280998736,1.9838879132543248,0.5450596002249878,0.0,0.45494039977501227,0.0
0.7,0.8,0.001,1.0,optimal,0.0007274642147207802,0.002351445143058444,0.01171844312537392,0.009366997982315476,0.8333766275307675,-0.00010591241280998736,1.9838879132543248,0.5450596002249878,0.0,0.45494039977501227,0.0
0.7,0.9,0.001,1.0,optimal,0.0007274642147207802,0.0025589566155813383,0.01135637991245922,0.008797423296877882,0.8333766275307675,-0.00010591241280998736,1.9838879132543248,0.5450596002249878,0.0,0.45494039977501227,0.0
0.7,1.0,0.001,1.0,optimal,0.0007274642147207802,0.0027664680881042333,0.010994316699544524,0.00822784861144029,0.8333766275307675,-0.00010591241280998736,1.9838879132543248,0.5450596002249878,0.0,0.45494039977501227,0.0
0.8,0.0,0.001,1.0,optimal,0.0008171366632551897,0.0006908708525954496,0.014614948828691503,0.013924077976096055,0.8328877649999058,-1.5751101744716106e-05,1.9896313132590386,0.5360948779419538,0.0,0.46390512205804635,0.0
0.8,0.1,0.001,1.0,optimal,0.0008171366632551897,0.0008990798003067841,0.014252885615776806,0.013353805815470021,0.8328877649999058,-1.5751101744716106e-05,1.9896313132590386,0.5360948779419538,0.0,0.46390512205804635,0.0
0.8,0.2,0.001,1.0,optimal,0.0008171366632551897,0.001107288748018119,0.013890822402862109,0.01278353365484399,0.8328877649999058,-1.5751101744716106e-05,1.9896313132590386,0.5360948779419538,0.0,0.46390512205804635,0.0
0.8,0.3,0.001,1.0,optimal,0.0008171366632551897,0.0013154976957294533,0.013528759189947408,0.012213261494217954,0.8328877649999058,-1.5751101744716106e-05,1.9896313132590386,0.5360948779419538,0.0,0.46390512205804635,0.0
0.8,0.4,0.001,1.0,optimal,0.0008171366632551897,0.0015237066434407877,0.01316669597703271,0.011642989333591923,0.8328877649999058,-1.5751101744716106e-05,1.9896313132590386,0.5360948779419538,0.0,0.46390512205804635,0.0
0.8,0.5,0.001,1.0,optimal,0.0008171366632551897,0.0017319155911521221,0.012804632764118013,0.011072717172965891,0.8328877649999058,-1.5751101744716106e-05,1.9896313132590386,0.5360948779419538,0.0,0.46390512205804635,0.0
0.8,0.6,0.001,1.0,optimal,0.0008171366632551897,0.0019401245388634566,0.012442569551203316,0.01050244501233986,0.8328877649999058,-1.5751101744716106e-05,1.9896313132590386,0.5360948779419538,0.0,0.46390512205804635,0.0
0.8,0.7,0.001,1.0,optimal,0.0008171366632551897,0.0021483334865747914,0.012080506338288617,0.009932172851713826,0.8328877649999058,-1.5751101744716106e-05,1.9896313132590386,0.5360948779419538,0.0,0.46390512205804635,0.0
0.8,0.8,0.001,1.0,optimal,0.0008171366632551897,0.002356542434286126,0.01171844312537392,0.009361900691087794,0.8328877649999058,-1.5751101744716106e-05,1.9896313132590386,0.5360948779419538,0.0,0.46390512205804635,0.0
0.8,0.9,0.001,1.0,optimal,0.0008171366632551897,0.0025647513819974602,0.01135637991245922,0.00879162853046176,0.8328877649999056,-1.575110174471589e-05,1.9896313132590395,0.536094877941953,0.0,0.463905122058047,0.0
0.8,1.0,0.001,1.0,optimal,0.0008171366632551897,0.002772960329708795,0.010994316699544524,0.008221356369835729,0.8328877649999056,-1.575110174471589e-05,1.9896313132590395,0.536094877941953,0.0,0.463905122058047,0.0
0.9,0.0,0.001,1.0,optimal,0.0009070251204152597,0.0006903883423156129,0.014614948828691503,0.01392456048637589,0.832506906781874,7.45182136333857e-05,1.9941289227477337,0.5271301556589201,0.0,0.47286984434108,0.0
0.9,0.1,0.001,1.0,optimal,0.0009070251204152597,0.0008992947652153872,0.014252885615776806,0.013353590850561418,0.832506906781874,7.45182136333857e-05,1.9941289227477337,0.5271301556589201,0.0,0.47286984434108,0.0
0.9,0.2,0.001,1.0,optimal,0.0009070251204152597,0.0011082011881151615,0.013890822402862109,0.012782621214746947,0.832506906781874,7.45182136333857e-05,1.9941289227477337,0.5271301556589201,0.0,0.47286984434108,0.0
0.9,0.3,0.001,1.0,optimal,0.0009070251204152597,0.0013171076110149358,0.013528759189947408,0.012211651578932472,0.832506906781874,7.45182136333857e-05,1.9941289227477337,0.5271301556589201,0.0,0.47286984434108,0.0
0.9,0.4,0.001,1.0,optimal,0.0009070251204152597,0.00152601403391471,0.01316669597703271,0.011640681943118,0.832506906781874,7.45182136333857e-05,1.9941289227477337,0.5271301556589201,0.0,0.47286984434108,0.0
0.9,0.5,0.001,1.0,optimal,0.0009070251204152597,0.0017349204568144843,0.012804632764118013,0.011069712307303529,0.832506906781874,7.45182136333857e-05,1.9941289227477337,0.5271301556589201,0.0,0.47286984434108,0.0
0.9,0.6,0.001,1.0,optimal,0.0009070251204152597,0.0019438268797142585,0.012442569551203316,0.010498742671489057,0.832506906781874,7.45182136333857e-05,1.9941289227477337,0.5271301556589201,0.0,0.47286984434108,0.0
0.9,0.7,0.001,1.0,optimal,0.0009070251204152597,0.0021527333026140328,0.012080506338288617,0.009927773035674584,0.832506906781874,7.45182136333857e-05,1.9941289227477337,0.5271301556589201,0.0,0.47286984434108,0.0
0.9,0.8,0.001,1.0,optimal,0.0009070251204152597,0.0023616397255138075,0.01171844312537392,0.009356803399860112,0.832506906781874,7.45182136333857e-05,1.9941289227477337,0.5271301556589201,0.0,0.47286984434108,0.0
0.9,0.9,0.001,1.0,optimal,0.0009070251204152597,0.0025705461484135817,0.01135637991245922,0.008785833764045639,0.832506906781874,7.45182136333857e-05,1.9941289227477341,0.5271301556589197,0.0,0.4728698443410803,0.0
0.9,1.0,0.001,1.0,optimal,0.0009070251204152597,0.002779452571313356,0.010994316699544524,0.008214864128231168,0.832506906781874,7.45182136333857e-05,1.9941289227477341,0.5271301556589197,0.0,0.4728698443410803,0.0
1.0,0.0,0.001,1.0,optimal,0.0009971295862009903,0.0006899058320357762,0.014614948828691503,0.013925042996655727,0.8322340528766727,0.00016489553332431762,1.9973636160892985,0.5181654333758864,0.0,0.48183456662411367,0.0
1.0,0.1,0.001,1.0,optimal,0.0009971295862009903,0.0008995097301239903,0.014252885615776806,0.013353375885652816,0.8322340528766727,0.00016489553332431762,1.9973636160892985,0.5181654333758864,0.0,0.48183456662411367,0.0
1.0,0.2,0.001,1.0,optimal,0.0009971295862009903,0.0011091136282122046,0.013890822402862109,0.012781708774649904,0.8322340528766727,0.00016489553332431762,1.9973636160892985,0.5181654333758864,0.0,0.48183456662411367,0.0
1.0,0.3,0.001,1.0,optimal,0.0009971295862009903,0.0013187175263004182,0.013528759189947408,0.01221004166364699,0.8322340528766727,0.00016489553332431762,1.9973636160892985,0.5181654333758864,0.0,0.48183456662411367,0.0
1.0,0.4,0.001,1.0,optimal,0.0009971295862009903,0.0015283214243886323,0.01316669597703271,0.011638374552644078,0.8322340528766727,0.00016489553332431762,1.9973636160892985,0.5181654333758864,0.0,0.48183456662411367,0.0
1.0,0.5,0.001,1.0,optimal,0.0009971295862009903,0.0017379253224768464,0.012804632764118013,0.011066707441641167,0.8322340528766727,0.00016489553332431762,1.9973636160892985,0.5181654333758864,0.0,0.48183456662411367,0.0
1.0,0.6,0.001,1.0,optimal,0.0009971295862009903,0.0019475292205650605,0.012442569551203316,0.010495040330638255,0.8322340528766727,0.00016489553332431762,1.9973636160892985,0.5181654333758864,0.0,0.48183456662411367,0.0
1.0,0.7,0.001,1.0,optimal,0.0009971295862009903,0.002157133118653274,0.012080506338288617,0.009923373219635344,0.8322340528766727,0.00016489553332431762,1.9973636160892985,0.5181654333758864,0.0,0.48183456662411367,0.0
1.0,0.8,0.001,1.0,optimal,0.0009971295862009903,0.0023667370167414887,0.01171844312537392,0.00935170610863243,0.8322340528766727,0.00016489553332431762,1.9973636160892985,0.5181654333758864,0.0,0.48183456662411367,0.0
1.0,0.9,0.001,1.0,optimal,0.0009971295862009901,0.0025763409148297023,0.01135637991245922,0.008780038997629518,0.8322340528766725,0.00016489553332431762,1.997363616089299,0.5181654333758865,0.0,0.48183456662411345,0.0
1.0,1.0,0.001,1.0,optimal,0.0009971295862009901,0.0027859448129179164,0.010994316699544524,0.008208371886626608,0.8322340528766725,0.00016489553332431762,1.997363616089299,0.5181654333758865,0.0,0.48183456662411345,0.0
0.0,0.0,0.005,1.0,optimal,-8.249066621352213e-05,0.0005983240480184233,0.014614948828691503,0.01401662478067308,0.7382565493636787,-0.0037737734130319153,3.0846499983030893,0.3570500473070638,0.29388673953405514,0.33170853398974975,0.017354679169131172
0.0,0.1,0.005,1.0,optimal,-8.249066621352213e-05,0.0008106644401500415,0.014252885615776806,0.013442221175626764,0.7382565493636787,-0.0037737734130319153,3.0846499983030893,0.3570500473070638,0.29388673953405514,0.33170853398974975,0.017354679169131172
0.0,0.2,0.005,1.0,optimal,-8.249066621352213e-05,0.0010230048322816597,0.013890822402862109,0.01286781757058045,0.7382565493636787,-0.0037737734130319153,3.0846499983030893,0.3570500473070638,0.29388673953405514,0.33170853398974975,0.017354679169131172
0.0,0.3,0.005,1.0,optimal,-8.249066621352213e-05,0.001235345224413278,0.013528759189947408,0.01229341396553413,0.7382565493636787,-0.0037737734130319153,3.0846499983030893,0.3570500473070638,0.29388673953405514,0.33170853398974975,0.017354679169131172
0.0,0.4,0.005,1.0,optimal,-8.249066621352213e-05,0.0014476856165448959,0.01316669597703271,0.011719010360487815,0.7382565493636787,-0.0037737734130319153,3.0846499983030893,0.3570500473070638,0.29388673953405514,0.33170853398974975,0.017354679169131172
0.0,0.5,0.005,1.0,optimal,-8.249066621352213e-05,0.0016600260086765141,0.012804632764118013,0.011144606755441499,0.7382565493636787,-0.0037737734130319153,3.0846499983030893,0.3570500473070638,0.29388673953405514,0.33170853398974975,0.017354679169131172
0.0,0.6,0.005,1.0,optimal,-8.249066621352213e-05,0.0018723664008081322,0.012442569551203316,0.010570203150395184,0.7382565493636787,-0.0037737734130319153,3.0846499983030893,0.3570500473070638,0.29388673953405514,0.33170853398974975,0.017354679169131172
0.0,0.7,0.005,1.0,optimal,-8.249066621352213e-05,0.0020847067929397503,0.012080506338288617,0.009995799545348866,0.7382565493636787,-0.0037737734130319153,3.0846499983030893,0.3570500473070638,0.29388673953405514,0.33170853398974975,0.017354679169131172
0.0,0.8,0.005,1.0,optimal,-8.249066621352213e-05,0.002297047185071369,0.01171844312537392,0.00942139594030255,0.7382565493636787,-0.0037737734130319153,3.0846499983030893,0.3570500473070638,0.29388673953405514,0.33170853398974975,0.017354679169131172
0.0,0.9,0.005,1.0,optimal,-8.249066621352092e-05,0.002509387577202984,0.01135637991245922,0.008846992335256237,0.7382565493636792,-0.003773773413031917,3.08464999830308,0.3570500473070649,0.2938867395340576,0.33170853398974787,0.017354679169129764
0.0,1.0,0.005,1.0,optimal,-8.249066621352092e-05,0.0027217279693346015,0.010994316699544524,0.008272588730209921,0.7382565493636792,-0.003773773413031917,3.08464999830308,0.3570500473070649,0.2938867395340576,0.33170853398974787,0.017354679169129764
0.1,0.0,0.005,1.0,optimal,-7.049825695457882e-06,0.0006019880240093371,0.014614948828691503,0.014012960804682166,0.7372610652396008,-0.003693355151893462,3.111793541028694,0.3561951478721904,0.28737127846998245,0.33374556144356604,0.022688012214261144
0.1,0.1,0.005,1.0,optimal,-7.049825695457882e-06,0.0008151315386528868,0.014252885615776806,0.01343775407712392,0.7372610652396008,-0.003693355151893462,3.111793541028694,0.3561951478721904,0.28737127846998245,0.33374556144356604,0.022688012214261144
0.1,0.2,0.005,1.0,optimal,-7.049825695457882e-06,0.0010282750532964366,0.013890822402862109,0.012862547349565672,0.7372610652396008,-0.003693355151893462,3.111793541028694,0.3561951478721904,0.28737127846998245,0.33374556144356604,0.022688012214261144
0.1,0.3,0.005,1.0,optimal,-7.049825695457882e-06,0.0012414185679399863,0.013528759189947408,0.012287340622007422,0.7372610652396008,-0.003693355151893462,3.111793541028694,0.3561951478721904,0.28737127846998245,0.33374556144356604,0.022688012214261144
0.1,0.4,0.005,1.0,optimal,-7.049825695457882e-06,0.001454562082583536,0.01316669597703271,0.011712133894449174,0.7372610652396008,-0.003693355151893462,3.111793541028694,0.3561951478721904,0.28737127846998245,0.33374556144356604,0.022688012214261144
0.1,0.5,0.005,1.0,optimal,-7.049825695457882e-06,0.001667705597227086,0.012804632764118013,0.011136927166890928,0.7372610652396008,-0.003693355151893462,3.111793541028694,0.3561951478721904,0.28737127846998245,0.33374556144356604,0.022688012214261144
0.1,0.6,0.005,1.0,optimal,-7.049825695457882e-06,0.0018808491118706356,0.012442569551203316,0.010561720439332681,0.7372610652396008,-0.003693355151893462,3.111793541028694,0.3561951478721904,0.28737127846998245,0.33374556144356604,0.022688012214261144
0.1,0.7,0.005,1.0,optimal,-7.049825695457882e-06,0.002093992626514185,0.012080506338288617,0.009986513711774432,0.7372610652396008,-0.003693355151893462,3.111793541028694,0.3561951478721904,0.28737127846998245,0.33374556144356604,0.022688012214261144
0.1,0.8,0.005,1.0,optimal,-7.049825695457882e-06,0.002307136141157735,0.01171844312537392,0.009411306984216185,0.7372610652396008,-0.003693355151893462,3.111793541028694,0.3561951478721904,0.28737127846998245,0.33374556144356604,0.022688012214261144
0.1,0.9,0.005,1.0,optimal,-7.049825695457031e-06,0.002520279655801283,0.01135637991245922,0.008836100256657937,0.7372610652396009,-0.0036933551518934615,3.1117935410286894,0.35619514787219114,0.28737127846998334,0.3337455614435652,0.022688012214260325
0.1,1.0,0.005,1.0,optimal,-7.049825695457031e-06,0.0027334231704448323,0.010994316699544524,0.008260893529099691,0.7372610652396009,-0.0036933551518934615,3.1117935410286894,0.35619514787219114,0.28737127846998334,0.3337455614435652,0.022688012214260325
0.2,0.0,0.005,1.0,optimal,6.913314314997559e-05,0.0006056520000002506,0.014614948828691503,0.014009296828691252,0.7363397939482597,-0.0036125658265913226,3.137926047716874,0.35534024843731665,0.28085581740591004,0.3357825888973827,0.02802134525939065
0.2,0.1,0.005,1.0,optimal,6.913314314997559e-05,0.0008195986371557319,0.014252885615776806,0.013433286978621074,0.7363397939482597,-0.0036125658265913226,3.137926047716874,0.35534024843731665,0.28085581740591004,0.3357825888973827,0.02802134525939065
0.2,0.2,0.005,1.0,optimal,6.913314314997559e-05,0.0010335452743112131,0.013890822402862109,0.012857277128550896,0.7363397939482597,-0.0036125658265913226,3.137926047716874,0.35534024843731665,0.28085581740591004,0.3357825888973827,0.02802134525939065
0.2,0.3,0.005,1.0,optimal,6.913314314997559e-05,0.001247491911466694,0.013528759189947408,0.012281267278480714,0.7363397939482597,-0.0036125658265913226,3.137926047716874,0.35534024843731665,0.28085581740591004,0.3357825888973827,0.02802134525939065
0.2,0.4,0.005,1.0,optimal,6.913314314997559e-05,0.0014614385486221757,0.01316669597703271,0.011705257428410535,0.7363397939482597,-0.0036125658265913226,3.137926047716874,0.35534024843731665,0.28085581740591004,0.3357825888973827,0.02802134525939065
0.2,0.5,0.005,1.0,optimal,6.913314314997559e-05,0.0016753851857776569,0.012804632764118013,0.011129247578340357,0.7363397939482597,-0.0036125658265913226,3.137926047716874,0.35534024843731665,0.28085581740591004,0.3357825888973827,0.02802134525939065
0.2,0.6,0.005,1.0,optimal,6.913314314997559e-05,0.001889331822933138,0.012442569551203316,0.010553237728270179,0.7363397939482597,-0.0036125658265913226,3.137926047716874,0.35534024843731665,0.28085581740591004,0.3357825888973827,0.02802134525939065
0.2,0.7,0.005,1.0,optimal,6.913314314997559e-05,0.002103278460088619,0.012080506338288617,0.009977227878199997,0.7363397939482597,-0.0036125658265913226,3.137926047716874,0.35534024843731665,0.28085581740591004,0.3357825888973827,0.02802134525939065
0.2,0.8,0.005,1.0,optimal,6.913314314997559e-05,0.0023172250972441004,0.01171844312537392,0.009401218028129819,0.7363397939482597,-0.0036125658265913226,3.137926047716874,0.35534024843731665,0.28085581740591004,0.3357825888973827,0.02802134525939065
0.2,0.9,0.005,1.0,optimal,6.913314314997557e-05,0.0025311717343995815,0.01135637991245922,0.00882520817805964,0.7363397939482593,-0.003612565826591321,3.1379260477168747,0.35534024843731615,0.28085581740591004,0.33578258889738316,0.028021345259390595
0.2,1.0,0.005,1.0,optimal,6.913314314997557e-05,0.002745118371555063,0.010994316699544524,0.008249198327989461,0.7363397939482593,-0.003612565826591321,3.1379260477168747,0.35534024843731615,0.28085581740591004,0.33578258889738316,0.028021345259390595
0.3,0.0,0.005,1.0,optimal,0.00014605824032277743,0.0006093159759911653,0.014614948828691503,0.014005632852700338,0.7354927354896551,-0.003531405437125498,3.162984262873828,0.3544853490024419,0.2743403563418348,0.33781961635120195,0.03335467830452141
0.3,0.1,0.005,1.0,optimal,0.00014605824032277743,0.0008240657356585782,0.014252885615776806,0.013428819880118228,0.7354927354896551,-0.003531405437125498,3.162984262873828,0.3544853490024419,0.2743403563418348,0.33781961635120195,0.03335467830452141
0.3,0.2,0.005,1.0,optimal,0.00014605824032277743,0.0010388154953259914,0.013890822402862109,0.012852006907536118,0.7354927354896551,-0.003531405437125498,3.162984262873828,0.3544853490024419,0.2743403563418348,0.33781961635120195,0.03335467830452141
0.3,0.3,0.005,1.0,optimal,0.00014605824032277743,0.0012535652549934043,0.013528759189947408,0.012275193934954003,0.7354927354896551,-0.003531405437125498,3.162984262873828,0.3544853490024419,0.2743403563418348,0.33781961635120195,0.03335467830452141
0.3,0.4,0.005,1.0,optimal,0.00014605824032277743,0.0014683150146608175,0.01316669597703271,0.011698380962371894,0.7354927354896551,-0.003531405437125498,3.162984262873828,0.3544853490024419,0.2743403563418348,0.33781961635120195,0.03335467830452141
0.3,0.5,0.005,1.0,optimal,0.00014605824032277743,0.0016830647743282304,0.012804632764118013,0.011121567989789784,0.7354927354896551,-0.003531405437125498,3.162984262873828,0.3544853490024419,0.2743403563418348,0.33781961635120195,0.03335467830452141
0.3,0.6,0.005,1.0,optimal,0.00014605824032277743,0.0018978145339956435,0.012442569551203316,0.010544755017207672,0.7354927354896551,-0.003531405437125498,3.162984262873828,0.3544853490024419,0.2743403563418348,0.33781961635120195,0.03335467830452141
0.3,0.7,0.005,1.0,optimal,0.00014605824032277743,0.002112564293663056,0.012080506338288617,0.00996794204462556,0.7354927354896551,-0.003531405437125498,3.162984262873828,0.3544853490024419,0.2743403563418348,0.33781961635120195,0.03335467830452141
0.3,0.8,0.005,1.0,optimal,0.00014605824032277743,0.00232731405333047,0.01171844312537392,0.009391129072043449,0.7354927354896551,-0.003531405437125498,3.162984262873828,0.3544853490024419,0.2743403563418348,0.33781961635120195,0.03335467830452141
0.3,0.9,0.005,1.0,optimal,0.000146058240322779,0.0025420638129978793,0.01135637991245922,0.008814316099461341,0.7354927354896554,-0.003531405437125498,3.16298426287382,0.3544853490024432,0.27434035634183573,0.337819616351201,0.033354678304520026
0.3,1.0,0.005,1.0,optimal,0.000146058240322779,0.002756813572665292,0.010994316699544524,0.008237503126879231,0.7354927354896554,-0.003531405437125498,3.16298426287382,0.3544853490024432,0.27434035634183573,0.337819616351201,0.033354678304520026
0.4,0.0,0.005,1.0,optimal,0.00022372546582294844,0.00061297995198208,0.014614948828691503,0.014001968876709424,0.7347198898637879,-0.003449873983495991,3.1869059472711676,0.3536304495675683,0.26782489527775954,0.33985664380502006,0.03868801134965222
0.4,0.1,0.005,1.0,optimal,0.00022372546582294844,0.0008285328341614247,0.014252885615776806,0.01342435278161538,0.7347198898637879,-0.003449873983495991,3.1869059472711676,0.3536304495675683,0.26782489527775954,0.33985664380502006,0.03868801134965222
0.4,0.2,0.005,1.0,optimal,0.00022372546582294844,0.0010440857163407696,0.013890822402862109,0.012846736686521339,0.7347198898637879,-0.003449873983495991,3.1869059472711676,0.3536304495675683,0.26782489527775954,0.33985664380502006,0.03868801134965222
0.4,0.3,0.005,1.0,optimal,0.00022372546582294844,0.0012596385985201143,0.013528759189947408,0.012269120591427294,0.7347198898637879,-0.003449873983495991,3.1869059472711676,0.3536304495675683,0.26782489527775954,0.33985664380502006,0.03868801134965222
0.4,0.4,0.005,1.0,optimal,0.00022372546582294844,0.0014751914806994592,0.01316669597703271,0.01169150449633325,0.7347198898637879,-0.003449873983495991,3.1869059472711676,0.3536304495675683,0.26782489527775954,0.33985664380502006,0.03868801134965222
0.4,0.5,0.005,1.0,optimal,0.00022372546582294844,0.0016907443628788037,0.012804632764118013,0.011113888401239209,0.7347198898637879,-0.003449873983495991,3.1869059472711676,0.3536304495675683,0.26782489527775954,0.33985664380502006,0.03868801134965222
0.4,0.6,0.005,1.0,optimal,0.00022372546582294844,0.0019062972450581484,0.012442569551203316,0.010536272306145168,0.7347198898637879,-0.003449873983495991,3.1869059472711676,0.3536304495675683,0.26782489527775954,0.33985664380502006,0.03868801134965222
0.4,0.7,0.005,1.0,optimal,0.00022372546582294844,0.002121850127237493,0.012080506338288617,0.009958656211051124,0.7347198898637879,-0.003449873983495991,3.1869059472711676,0.3536304495675683,0.26782489527775954,0.33985664380502006,0.03868801134965222
0.4,0.8,0.005,1.0,optimal,0.00022372546582294844,0.002337403009416838,0.01171844312537392,0.009381040115957081,0.7347198898637879,-0.003449873983495991,3.1869059472711676,0.3536304495675683,0.26782489527775954,0.33985664380502006,0.03868801134965222
0.4,0.9,0.005,1.0,optimal,0.00022372546582294817,0.0025529558915961797,0.01135637991245922,0.008803424020863041,0.7347198898637879,-0.0034498739834959912,3.186905947271165,0.3536304495675685,0.26782489527776243,0.339856643805018,0.038688011349651205
0.4,1.0,0.005,1.0,optimal,0.00022372546582294817,0.0027685087737755244,0.010994316699544524,0.008225807925769,0.7347198898637879,-0.0034498739834959912,3.186905947271165,0.3536304495675685,0.26782489527776243,0.339856643805018,0.038688011349651205
0.5,0.0,0.005,1.0,optimal,0.000302134819650488,0.0006166439279729944,0.014614948828691503,0.01399830490071851,0.7340212570706568,-0.003367971465702796,3.2096302218695354,0.35277555013269385,0.2613094342136852,0.3418936712588381,0.04402134439478275
0.5,0.1,0.005,1.0,optimal,0.000302134819650488,0.0008329999326642706,0.014252885615776806,0.013419885683112535,0.7340212570706568,-0.003367971465702796,3.2096302218695354,0.35277555013269385,0.2613094342136852,0.3418936712588381,0.04402134439478275
0.5,0.2,0.005,1.0,optimal,0.000302134819650488,0.0010493559373555472,0.013890822402862109,0.012841466465506561,0.7340212570706568,-0.003367971465702796,3.2096302218695354,0.35277555013269385,0.2613094342136852,0.3418936712588381,0.04402134439478275
0.5,0.3,0.005,1.0,optimal,0.000302134819650488,0.0012657119420468237,0.013528759189947408,0.012263047247900585,0.7340212570706568,-0.003367971465702796,3.2096302218695354,0.35277555013269385,0.2613094342136852,0.3418936712588381,0.04402134439478275
0.5,0.4,0.005,1.0,optimal,0.000302134819650488,0.0014820679467381,0.01316669597703271,0.011684628030294611,0.7340212570706568,-0.003367971465702796,3.2096302218695354,0.35277555013269385,0.2613094342136852,0.3418936712588381,0.04402134439478275
0.5,0.5,0.005,1.0,optimal,0.000302134819650488,0.0016984239514293764,0.012804632764118013,0.011106208812688638,0.7340212570706568,-0.003367971465702796,3.2096302218695354,0.35277555013269385,0.2613094342136852,0.3418936712588381,0.04402134439478275
0.5,0.6,0.005,1.0,optimal,0.000302134819650488,0.0019147799561206528,0.012442569551203316,0.010527789595082663,0.7340212570706568,-0.003367971465702796,3.2096302218695354,0.35277555013269385,0.2613094342136852,0.3418936712588381,0.04402134439478275
0.5,0.7,0.005,1.0,optimal,0.000302134819650488,0.0021311359608119293,0.012080506338288617,0.009949370377476688,0.7340212570706568,-0.003367971465702796,3.2096302218695354,0.35277555013269385,0.2613094342136852,0.3418936712588381,0.04402134439478275
0.5,0.8,0.005,1.0,optimal,0.000302134819650488,0.0023474919655032053,0.01171844312537392,0.009370951159870715,0.7340212570706568,-0.003367971465702796,3.2096302218695354,0.35277555013269385,0.2613094342136852,0.3418936712588381,0.04402134439478275
0.5,0.9,0.005,1.0,optimal,0.00030213481965048715,0.0025638479701944787,0.01135637991245922,0.008792531942264741,0.734021257070657,-0.003367971465702798,3.2096302218695354,0.35277555013269435,0.26130943421368835,0.34189367125883535,0.044021344394782
0.5,1.0,0.005,1.0,optimal,0.00030213481965048715,0.0027802039748857556,0.010994316699544524,0.008214112724658768,0.734021257070657,-0.003367971465702798,3.2096302218695354,0.35277555013269435,0.26130943421368835,0.34189367125883535,0.044021344394782
0.6,0.0,0.005,1.0,optimal,0.0003812863018053962,0.0006203079039639092,0.014614948828691503,0.013994640924727594,0.7333968371102633,-0.00328569788374592,3.231097918079574,0.3519206506978197,0.25479397314961016,0.3439306987126562,0.04935467743991403
0.6,0.1,0.005,1.0,optimal,0.0003812863018053962,0.0008374670311671175,0.014252885615776806,0.013415418584609689,0.7333968371102633,-0.00328569788374592,3.231097918079574,0.3519206506978197,0.25479397314961016,0.3439306987126562,0.04935467743991403
0.6,0.2,0.005,1.0,optimal,0.0003812863018053962,0.0010546261583703257,0.013890822402862109,0.012836196244491784,0.7333968371102633,-0.00328569788374592,3.231097918079574,0.3519206506978197,0.25479397314961016,0.3439306987126562,0.04935467743991403
0.6,0.3,0.005,1.0,optimal,0.0003812863018053962,0.0012717852855735339,0.013528759189947408,0.012256973904373874,0.7333968371102633,-0.00328569788374592,3.231097918079574,0.3519206506978197,0.25479397314961016,0.3439306987126562,0.04935467743991403
0.6,0.4,0.005,1.0,optimal,0.0003812863018053962,0.0014889444127767421,0.01316669597703271,0.011677751564255968,0.7333968371102633,-0.00328569788374592,3.231097918079574,0.3519206506978197,0.25479397314961016,0.3439306987126562,0.04935467743991403
0.6,0.5,0.005,1.0,optimal,0.0003812863018053962,0.0017061035399799506,0.012804632764118013,0.011098529224138063,0.7333968371102633,-0.00328569788374592,3.231097918079574,0.3519206506978197,0.25479397314961016,0.3439306987126562,0.04935467743991403
0.6,0.6,0.005,1.0,optimal,0.0003812863018053962,0.0019232626671831586,0.012442569551203316,0.010519306884020158,0.7333968371102633,-0.00328569788374592,3.231097918079574,0.3519206506978197,0.25479397314961016,0.3439306987126562,0.04935467743991403
0.6,0.7,0.005,1.0,optimal,0.0003812863018053962,0.0021404217943863666,0.012080506338288617,0.009940084543902251,0.7333968371102633,-0.00328569788374592,3.231097918079574,0.3519206506978197,0.25479397314961016,0.3439306987126562,0.04935467743991403
0.6,0.8,0.005,1.0,optimal,0.0003812863018053962,0.0023575809215895752,0.01171844312537392,0.009360862203784345,0.7333968371102633,-0.00328569788374592,3.231097918079574,0.3519206506978197,0.25479397314961016,0.3439306987126562,0.04935467743991403
0.6,0.9,0.005,1.0,optimal,0.0003812863018053963,0.0025747400487927765,0.01135637991245922,0.008781639863666445,0.7333968371102632,-0.0032856978837459195,3.2310979180795685,0.35192065069782186,0.2547939731496148,0.3439306987126516,0.04935467743991175
0.6,1.0,0.005,1.0,optimal,0.0003812863018053963,0.0027918991759959834,0.010994316699544524,0.00820241752354854,0.7333968371102632,-0.0032856978837459195,3.2310979180795685,0.35192065069782186,0.2547939731496148,0.3439306987126516,0.04935467743991175
0.7,0.0,0.005,1.0,optimal,0.00046117991228767415,0.0006239718799548243,0.014614948828691503,0.01399097694873668,0.7328466299826064,-0.003203053237625358,3.251251931078288,0.3510657512629447,0.24827851208553403,0.3459677261664761,0.054688010485045215
0.7,0.1,0.005,1.0,optimal,0.00046117991228767415,0.0008419341296699643,0.014252885615776806,0.013410951486106841,0.7328466299826064,-0.003203053237625358,3.251251931078288,0.3510657512629447,0.24827851208553403,0.3459677261664761,0.054688010485045215
0.7,0.2,0.005,1.0,optimal,0.00046117991228767415,0.0010598963793851046,0.013890822402862109,0.012830926023477005,0.7328466299826064,-0.003203053237625358,3.251251931078288,0.3510657512629447,0.24827851208553403,0.3459677261664761,0.054688010485045215
0.7,0.3,0.005,1.0,optimal,0.00046117991228767415,0.0012778586291002445,0.013528759189947408,0.012250900560847164,0.7328466299826064,-0.003203053237625358,3.251251931078288,0.3510657512629447,0.24827851208553403,0.3459677261664761,0.054688010485045215
0.7,0.4,0.005,1.0,optimal,0.00046117991228767415,0.0014958208788153847,0.01316669597703271,0.011670875098217326,0.7328466299826064,-0.003203053237625358,3.251251931078288,0.3510657512629447,0.24827851208553403,0.3459677261664761,0.054688010485045215
0.7,0.5,0.005,1.0,optimal,0.00046117991228767415,0.001713783128530525,0.012804632764118013,0.011090849635587489,0.7328466299826064,-0.003203053237625358,3.251251931078288,0.3510657512629447,0.24827851208553403,0.3459677261664761,0.054688010485045215
0.7,0.6,0.005,1.0,optimal,0.00046117991228767415,0.001931745378245665,0.012442569551203316,0.010510824172957652,0.7328466299826064,-0.003203053237625358,3.251251931078288,0.3510657512629447,0.24827851208553403,0.3459677261664761,0.054688010485045215
0.7,0.7,0.005,1.0,optimal,0.00046117991228767415,0.002149707627960805,0.012080506338288617,0.009930798710327812,0.7328466299826064,-0.003203053237625358,3.251251931078288,0.3510657512629447,0.24827851208553403,0.3459677261664761,0.054688010485045215
0.7,0.8,0.005,1.0,optimal,0.00046117991228767415,0.002367669877675945,0.01171844312537392,0.009350773247697975,0.7328466299826064,-0.003203053237625358,3.251251931078288,0.3510657512629447,0.24827851208553403,0.3459677261664761,0.054688010485045215
0.7,0.9,0.005,1.0,optimal,0.00046117991228767415,0.0025856321273910747,0.01135637991245922,0.008770747785068147,0.7328466299826062,-0.003203053237625357,3.25125193107828,0.35106575126294715,0.24827851208554108,0.3459677261664702,0.054688010485041454
0.7,1.0,0.005,1.0,optimal,0.00046117991228767415,0.002803594377106214,0.010994316699544524,0.00819072232243831,0.7328466299826062,-0.003203053237625357,3.25125193107828,0.35106575126294715,0.24827851208554108,0.3459677261664702,0.054688010485041454
0.8,0.0,0.005,1.0,optimal,0.0005418156510973188,0.0006276358559457352,0.014614948828691503,0.013987312972745768,0.732370635687686,-0.0031200375273411117,3.270037572659128,0.35021085182807277,0.24176305102146786,0.3480047536202867,0.06002134353017262
0.8,0.1,0.005,1.0,optimal,0.0005418156510973188,0.0008464012281728062,0.014252885615776806,0.013406484387604,0.732370635687686,-0.0031200375273411117,3.270037572659128,0.35021085182807277,0.24176305102146786,0.3480047536202867,0.06002134353017262
0.8,0.2,0.005,1.0,optimal,0.0005418156510973188,0.0010651666003998772,0.013890822402862109,0.012825655802462232,0.732370635687686,-0.0031200375273411117,3.270037572659128,0.35021085182807277,0.24176305102146786,0.3480047536202867,0.06002134353017262
0.8,0.3,0.005,1.0,optimal,0.0005418156510973188,0.001283931972626948,0.013528759189947408,0.01224482721732046,0.732370635687686,-0.0031200375273411117,3.270037572659128,0.35021085182807277,0.24176305102146786,0.3480047536202867,0.06002134353017262
0.8,0.4,0.005,1.0,optimal,0.0005418156510973188,0.0015026973448540194,0.01316669597703271,0.011663998632178691,0.732370635687686,-0.0031200375273411117,3.270037572659128,0.35021085182807277,0.24176305102146786,0.3480047536202867,0.06002134353017262
0.8,0.5,0.005,1.0,optimal,0.0005418156510973188,0.0017214627170810902,0.012804632764118013,0.011083170047036923,0.732370635687686,-0.0031200375273411117,3.270037572659128,0.35021085182807277,0.24176305102146786,0.3480047536202867,0.06002134353017262
0.8,0.6,0.005,1.0,optimal,0.0005418156510973188,0.0019402280893081611,0.012442569551203316,0.010502341461895156,0.732370635687686,-0.0031200375273411117,3.270037572659128,0.35021085182807277,0.24176305102146786,0.3480047536202867,0.06002134353017262
0.8,0.7,0.005,1.0,optimal,0.0005418156510973188,0.002158993461535232,0.012080506338288617,0.009921512876753386,0.732370635687686,-0.0031200375273411117,3.270037572659128,0.35021085182807277,0.24176305102146786,0.3480047536202867,0.06002134353017262
0.8,0.8,0.005,1.0,optimal,0.0005418156510973188,0.0023777588337623033,0.01171844312537392,0.009340684291611617,0.732370635687686,-0.0031200375273411117,3.270037572659128,0.35021085182807277,0.24176305102146786,0.3480047536202867,0.06002134353017262
0.8,0.9,0.005,1.0,optimal,0.0005418156510973188,0.0025965242059893742,0.01135637991245922,0.008759855706469847,0.732370635687686,-0.0031200375273411117,3.270037572659128,0.35021085182807277,0.24176305102146786,0.3480047536202867,0.06002134353017262
0.8,1.0,0.005,1.0,optimal,0.0005418156510973188,0.002815289578216445,0.010994316699544524,0.008179027121328078,0.732370635687686,-0.0031200375273411117,3.270037572659128,0.35021085182807277,0.24176305102146786,0.3480047536202867,0.06002134353017262
0.9,0.0,0.005,1.0,optimal,0.0006231935182343344,0.0006312998319366495,0.014614948828691503,0.013983648996754854,0.7319688542255032,-0.0030366507528931815,3.2874029199018957,0.349355952393199,0.23524758995739337,0.35004178107410466,0.06535467657530296
0.9,0.1,0.005,1.0,optimal,0.0006231935182343344,0.0008508683266756523,0.014252885615776806,0.013402017289101153,0.7319688542255032,-0.0030366507528931815,3.2874029199018957,0.349355952393199,0.23524758995739337,0.35004178107410466,0.06535467657530296
0.9,0.2,0.005,1.0,optimal,0.0006231935182343344,0.001070436821414655,0.013890822402862109,0.012820385581447455,0.7319688542255032,-0.0030366507528931815,3.2874029199018957,0.349355952393199,0.23524758995739337,0.35004178107410466,0.06535467657530296
0.9,0.3,0.005,1.0,optimal,0.0006231935182343344,0.0012900053161536576,0.013528759189947408,0.01223875387379375,0.7319688542255032,-0.0030366507528931815,3.2874029199018957,0.349355952393199,0.23524758995739337,0.35004178107410466,0.06535467657530296
0.9,0.4,0.005,1.0,optimal,0.0006231935182343344,0.00150957381089266,0.01316669597703271,0.01165712216614005,0.7319688542255032,-0.0030366507528931815,3.2874029199018957,0.349355952393199,0.23524758995739337,0.35004178107410466,0.06535467657530296
0.9,0.5,0.005,1.0,optimal,0.0006231935182343344,0.0017291423056316631,0.012804632764118013,0.01107549045848635,0.7319688542255032,-0.0030366507528931815,3.2874029199018957,0.349355952393199,0.23524758995739337,0.35004178107410466,0.06535467657530296
0.9,0.6,0.005,1.0,optimal,0.0006231935182343344,0.0019487108003706656,0.012442569551203316,0.010493858750832651,0.7319688542255032,-0.0030366507528931815,3.2874029199018957,0.349355952393199,0.23524758995739337,0.35004178107410466,0.06535467657530296
0.9,0.7,0.005,1.0,optimal,0.0006231935182343344,0.002168279295109668,0.012080506338288617,0.00991222704317895,0.7319688542255032,-0.0030366507528931815,3.2874029199018957,0.349355952393199,0.23524758995739337,0.35004178107410466,0.06535467657530296
0.9,0.8,0.005,1.0,optimal,0.0006231935182343344,0.002387847789848671,0.01171844312537392,0.009330595335525249,0.7319688542255032,-0.0030366507528931815,3.2874029199018957,0.349355952393199,0.23524758995739337,0.35004178107410466,0.06535467657530296
0.9,0.9,0.005,1.0,optimal,0.0006231935182343344,0.0026074162845876733,0.01135637991245922,0.008748963627871548,0.7319688542255032,-0.0030366507528931815,3.2874029199018957,0.349355952393199,0.23524758995739337,0.35004178107410466,0.06535467657530296
0.9,1.0,0.005,1.0,optimal,0.0006231935182343344,0.0028269847793266764,0.010994316699544524,0.008167331920217846,0.7319688542255032,-0.0030366507528931815,3.2874029199018957,0.349355952393199,0.23524758995739337,0.35004178107410466,0.06535467657530296
1.0,0.0,0.005,1.0,optimal,0.0007053135136987299,0.0006349638079275722,0.014614948828691503,0.01397998502076393,0.7316412855960593,-0.002952892914281567,3.30329915581142,0.3485010529583228,0.22873212889329744,0.3520788085279409,0.07068800962043896
1.0,0.1,0.005,1.0,optimal,0.0007053135136987299,0.000855335425178508,0.014252885615776806,0.013397550190598299,0.7316412855960593,-0.002952892914281567,3.30329915581142,0.3485010529583228,0.22873212889329744,0.3520788085279409,0.07068800962043896
1.0,0.2,0.005,1.0,optimal,0.0007053135136987299,0.001075707042429444,0.013890822402862109,0.012815115360432665,0.7316412855960593,-0.002952892914281567,3.30329915581142,0.3485010529583228,0.22873212889329744,0.3520788085279409,0.07068800962043896
1.0,0.3,0.005,1.0,optimal,0.0007053135136987299,0.0012960786596803798,0.013528759189947408,0.012232680530267027,0.7316412855960593,-0.002952892914281567,3.30329915581142,0.3485010529583228,0.22873212889329744,0.3520788085279409,0.07068800962043896
1.0,0.4,0.005,1.0,optimal,0.0007053135136987299,0.0015164502769313157,0.01316669597703271,0.011650245700101395,0.7316412855960593,-0.002952892914281567,3.30329915581142,0.3485010529583228,0.22873212889329744,0.3520788085279409,0.07068800962043896
1.0,0.5,0.005,1.0,optimal,0.0007053135136987299,0.0017368218941822516,0.012804632764118013,0.011067810869935761,0.7316412855960593,-0.002952892914281567,3.30329915581142,0.3485010529583228,0.22873212889329744,0.3520788085279409,0.07068800962043896
1.0,0.6,0.005,1.0,optimal,0.0007053135136987299,0.0019571935114331873,0.012442569551203316,0.01048537603977013,0.7316412855960593,-0.002952892914281567,3.30329915581142,0.3485010529583228,0.22873212889329744,0.3520788085279409,0.07068800962043896
1.0,0.7,0.005,1.0,optimal,0.0007053135136987299,0.002177565128684123,0.012080506338288617,0.009902941209604494,0.7316412855960593,-0.002952892914281567,3.30329915581142,0.3485010529583228,0.22873212889329744,0.3520788085279409,0.07068800962043896
1.0,0.8,0.005,1.0,optimal,0.0007053135136987299,0.002397936745935059,0.01171844312537392,0.009320506379438862,0.7316412855960593,-0.002952892914281567,3.30329915581142,0.3485010529583228,0.22873212889329744,0.3520788085279409,0.07068800962043896
1.0,0.9,0.005,1.0,optimal,0.000705313513698717,0.0026183083631859732,0.01135637991245922,0.008738071549273248,0.7316412855960567,-0.0029528929142815666,3.3032991558114504,0.34850105295832434,0.22873212889332023,0.3520788085279216,0.07068800962043384
1.0,1.0,0.005,1.0,optimal,0.000705313513698717,0.002838679980436907,0.010994316699544524,0.008155636719107616,0.7316412855960567,-0.0029528929142815666,3.3032991558114504,0.34850105295832434,0.22873212889332023,0.3520788085279216,0.07068800962043384
0.0,0.0,0.01,1.0,optimal,-0.000290869043354903,0.0006336248678686752,0.014614948828691503,0.013981323960822828,0.7069997927644258,-0.007360866970999161,3.780222317338732,0.27850858765089265,0.3047850063013552,0.2685680612181885,0.14813834482956376
0.0,0.1,0.01,1.0,optimal,-0.000290869043354903,0.0008635332226251363,0.014252885615776806,0.01338935239315167,0.7069997927644258,-0.007360866970999161,3.780222317338732,0.27850858765089265,0.3047850063013552,0.2685680612181885,0.14813834482956376
0.0,0.2,0.01,1.0,optimal,-0.000290869043354903,0.0010934415773815973,0.013890822402862109,0.012797380825480511,0.7069997927644258,-0.007360866970999161,3.780222317338732,0.27850858765089265,0.3047850063013552,0.2685680612181885,0.14813834482956376
0.0,0.3,0.01,1.0,optimal,-0.000290869043354903,0.0013233499321380583,0.013528759189947408,0.01220540925780935,0.7069997927644258,-0.007360866970999161,3.780222317338732,0.27850858765089265,0.3047850063013552,0.2685680612181885,0.14813834482956376
0.0,0.4,0.01,1.0,optimal,-0.000290869043354903,0.0015532582868945195,0.01316669597703271,0.01161343769013819,0.7069997927644258,-0.007360866970999161,3.780222317338732,0.27850858765089265,0.3047850063013552,0.2685680612181885,0.14813834482956376
0.0,0.5,0.01,1.0,optimal,-0.000290869043354903,0.0017831666416509805,0.012804632764118013,0.011021466122467034,0.7069997927644258,-0.007360866970999161,3.780222317338732,0.27850858765089265,0.3047850063013552,0.2685680612181885,0.14813834482956376
0.0,0.6,0.01,1.0,optimal,-0.000290869043354903,0.0020130749964074415,0.012442569551203316,0.010429494554795875,0.7069997927644258,-0.007360866970999161,3.780222317338732,0.27850858765089265,0.3047850063013552,0.2685680612181885,0.14813834482956376
0.0,0.7,0.01,1.0,optimal,-0.000290869043354903,0.0022429833511639023,0.012080506338288617,0.009837522987124715,0.7069997927644258,-0.007360866970999161,3.780222317338732,0.27850858765089265,0.3047850063013552,0.2685680612181885,0.14813834482956376
0.0,0.8,0.01,1.0,optimal,-0.000290869043354903,0.0024728917059203635,0.01171844312537392,0.009245551419453556,0.7069997927644258,-0.007360866970999161,3.780222317338732,0.27850858765089265,0.3047850063013552,0.2685680612181885,0.14813834482956376
0.0,0.9,0.01,1.0,optimal,-0.00029086811363135835,0.002702798933655528,0.01135637991245922,0.008653580978803692,0.7069998857385225,-0.007360866971016583,3.780221509765593,0.2785104857564082,0.3047843872333607,0.26856704628881883,0.14813808072141238
0.0,1.0,0.01,1.0,optimal,-0.00029086811363135835,0.0029327071407074306,0.010994316699544524,0.008061609558837092,0.7069998857385225,-0.007360866971016583,3.780221509765593,0.2785104857564082,0.3047843872333607,0.26856704628881883,0.14813808072141238
0.1,0.0,0.01,1.0,optimal,-0.00021045078242075646,0.0006354568558174776,0.014614948828691503,0.013979491972874026,0.7067509217129755,-0.0072779599995505114,3.792664295011567,0.2780811376093189,0.3015272759326181,0.26958657504478545,0.15080501141327765
0.1,0.1,0.01,1.0,optimal,-0.00021045078242075646,0.0008657667718543567,0.014252885615776806,0.01338711884392245,0.7067509217129755,-0.0072779599995505114,3.792664295011567,0.2780811376093189,0.3015272759326181,0.26958657504478545,0.15080501141327765
0.1,0.2,0.01,1.0,optimal,-0.00021045078242075646,0.0010960766878912358,0.013890822402862109,0.012794745714970874,0.7067509217129755,-0.0072779599995505114,3.792664295011567,0.2780811376093189,0.3015272759326181,0.26958657504478545,0.15080501141327765
0.1,0.3,0.01,1.0,optimal,-0.00021045078242075646,0.0013263866039281147,0.013528759189947408,0.012202372586019293,0.7067509217129755,-0.0072779599995505114,3.792664295011567,0.2780811376093189,0.3015272759326181,0.26958657504478545,0.15080501141327765
0.1,0.4,0.01,1.0,optimal,-0.00021045078242075646,0.0015566965199649936,0.01316669597703271,0.011609999457067716,0.7067509217129755,-0.0072779599995505114,3.792664295011567,0.2780811376093189,0.3015272759326181,0.26958657504478545,0.15080501141327765
0.1,0.5,0.01,1.0,optimal,-0.00021045078242075646,0.0017870064360018727,0.012804632764118013,0.011017626328116141,0.7067509217129755,-0.0072779599995505114,3.792664295011567,0.2780811376093189,0.3015272759326181,0.26958657504478545,0.15080501141327765
0.1,0.6,0.01,1.0,optimal,-0.00021045078242075646,0.002017316352038752,0.012442569551203316,0.010425253199164564,0.7067509217129755,-0.0072779599995505114,3.792664295011567,0.2780811376093189,0.3015272759326181,0.26958657504478545,0.15080501141327765
0.1,0.7,0.01,1.0,optimal,-0.00021045078242075646,0.0022476262680756307,0.012080506338288617,0.009832880070212987,0.7067509217129755,-0.0072779599995505114,3.792664295011567,0.2780811376093189,0.3015272759326181,0.26958657504478545,0.15080501141327765
0.1,0.8,0.01,1.0,optimal,-0.00021045078242075646,0.00247793618411251,0.01171844312537392,0.00924050694126141,0.7067509217129755,-0.0072779599995505114,3.792664295011567,0.2780811376093189,0.3015272759326181,0.26958657504478545,0.15080501141327765
0.1,0.9,0.01,1.0,optimal,-0.00021044949636608235,0.0027082448287805896,0.01135637991245922,0.008648135083678631,0.7067510503189408,-0.007277959999555491,3.792661753654126,0.2780820073204889,0.3015270682683399,0.26958665033779994,0.1508042740733713
0.1,1.0,0.01,1.0,optimal,-0.00021044949636608235,0.0029385546182171163,0.010994316699544524,0.008055762081327408,0.7067510503189408,-0.007277959999555491,3.792661753654126,0.2780820073204889,0.3015270682683399,0.26958665033779994,0.1508042740733713
0.2,0.0,0.01,1.0,optimal,-0.00012966145724934032,0.0006372888437843764,0.014614948828691503,0.013977659984907126,0.7065206038770679,-0.00719486749602002,3.8046399258049304,0.27765368768799864,0.2982695455018116,0.2706050888348467,0.15347167797534328
0.2,0.1,0.01,1.0,optimal,-0.00012966145724934032,0.0008680003210927536,0.014252885615776806,0.013384885294684052,0.7065206038770679,-0.00719486749602002,3.8046399258049304,0.27765368768799864,0.2982695455018116,0.2706050888348467,0.15347167797534328
0.2,0.2,0.01,1.0,optimal,-0.00012966145724934032,0.0010987117984011308,0.013890822402862109,0.012792110604460978,0.7065206038770679,-0.00719486749602002,3.8046399258049304,0.27765368768799864,0.2982695455018116,0.2706050888348467,0.15347167797534328
0.2,0.3,0.01,1.0,optimal,-0.00012966145724934032,0.0013294232757095075,0.013528759189947408,0.012199335914237901,0.7065206038770679,-0.00719486749602002,3.8046399258049304,0.27765368768799864,0.2982695455018116,0.2706050888348467,0.15347167797534328
0.2,0.4,0.01,1.0,optimal,-0.00012966145724934032,0.0015601347530178847,0.01316669597703271,0.011606561224014825,0.7065206038770679,-0.00719486749602002,3.8046399258049304,0.27765368768799864,0.2982695455018116,0.2706050888348467,0.15347167797534328
0.2,0.5,0.01,1.0,optimal,-0.00012966145724934032,0.001790846230326262,0.012804632764118013,0.011013786533791751,0.7065206038770679,-0.00719486749602002,3.8046399258049304,0.27765368768799864,0.2982695455018116,0.2706050888348467,0.15347167797534328
0.2,0.6,0.01,1.0,optimal,-0.00012966145724934032,0.002021557707634639,0.012442569551203316,0.010421011843568678,0.7065206038770679,-0.00719486749602002,3.8046399258049304,0.27765368768799864,0.2982695455018116,0.2706050888348467,0.15347167797534328
0.2,0.7,0.01,1.0,optimal,-0.00012966145724934032,0.002252269184943016,0.012080506338288617,0.0098282371533456,0.7065206038770679,-0.00719486749602002,3.8046399258049304,0.27765368768799864,0.2982695455018116,0.2706050888348467,0.15347167797534328
0.2,0.8,0.01,1.0,optimal,-0.00012966145724934032,0.0024829806622513936,0.01171844312537392,0.009235462463122526,0.7065206038770679,-0.00719486749602002,3.8046399258049304,0.27765368768799864,0.2982695455018116,0.2706050888348467,0.15347167797534328
0.2,0.9,0.01,1.0,optimal,-0.00012966140386720847,0.002713692087657861,0.01135637991245922,0.008642687824801359,0.7065206092152819,-0.007194867496020028,3.8046398190188775,0.2776537204893337,0.2982695373520718,0.2706050956244815,0.15347164653411316
0.2,1.0,0.01,1.0,optimal,-0.00012966140386720847,0.002944403559873852,0.010994316699544524,0.008049913139670671,0.7065206092152819,-0.007194867496020028,3.8046398190188775,0.2776537204893337,0.2982695373520718,0.2706050956244815,0.15347164653411316
0.3,0.0,0.01,1.0,optimal,-4.8501067866873256e-05,0.0006391208317623931,0.014614948828691503,0.01397582799692911,0.7063088392540811,-0.007111589460407684,3.8161395842765553,0.2772262378425633,0.29501181503240836,0.27162360260167473,0.15613834452335365
0.3,0.1,0.01,1.0,optimal,-4.8501067866873256e-05,0.0008702338703365815,0.014252885615776806,0.013382651745440224,0.7063088392540811,-0.007111589460407684,3.8161395842765553,0.2772262378425633,0.29501181503240836,0.27162360260167473,0.15613834452335365
0.3,0.2,0.01,1.0,optimal,-4.8501067866873256e-05,0.00110134690891077,0.013890822402862109,0.01278947549395134,0.7063088392540811,-0.007111589460407684,3.8161395842765553,0.2772262378425633,0.29501181503240836,0.27162360260167473,0.15613834452335365
0.3,0.3,0.01,1.0,optimal,-4.8501067866873256e-05,0.0013324599474849581,0.013528759189947408,0.01219629924246245,0.7063088392540811,-0.007111589460407684,3.8161395842765553,0.2772262378425633,0.29501181503240836,0.27162360260167473,0.15613834452335365
0.3,0.4,0.01,1.0,optimal,-4.8501067866873256e-05,0.0015635729860591467,0.01316669597703271,0.011603122990973564,0.7063088392540811,-0.007111589460407684,3.8161395842765553,0.2772262378425633,0.29501181503240836,0.27162360260167473,0.15613834452335365
0.3,0.5,0.01,1.0,optimal,-4.8501067866873256e-05,0.001794686024633335,0.012804632764118013,0.011009946739484678,0.7063088392540811,-0.007111589460407684,3.8161395842765553,0.2772262378425633,0.29501181503240836,0.27162360260167473,0.15613834452335365
0.3,0.6,0.01,1.0,optimal,-4.8501067866873256e-05,0.0020257990632075234,0.012442569551203316,0.010416770487995792,0.7063088392540811,-0.007111589460407684,3.8161395842765553,0.2772262378425633,0.29501181503240836,0.27162360260167473,0.15613834452335365
0.3,0.7,0.01,1.0,optimal,-4.8501067866873256e-05,0.0022569121017817118,0.012080506338288617,0.009823594236506906,0.7063088392540811,-0.007111589460407684,3.8161395842765553,0.2772262378425633,0.29501181503240836,0.27162360260167473,0.15613834452335365
0.3,0.8,0.01,1.0,optimal,-4.8501067866873256e-05,0.0024880251403559,0.01171844312537392,0.00923041798501802,0.7063088392540811,-0.007111589460407684,3.8161395842765553,0.2772262378425633,0.29501181503240836,0.27162360260167473,0.15613834452335365
0.3,0.9,0.01,1.0,optimal,-4.850106800940475e-05,0.002719138179053622,0.01135637991245922,0.008637241733405599,0.7063088392398279,-0.007111589460407684,3.816139584394158,0.2772262376306065,0.29501181513225494,0.2716236026688834,0.15613834456825526
0.3,1.0,0.01,1.0,optimal,-4.850106800940475e-05,0.0029502512176445145,0.010994316699544524,0.008044065481900009,0.7063088392398279,-0.007111589460407684,3.816139584394158,0.2772262376306065,0.29501181513225494,0.2716236026688834,0.15613834456825526
0.4,0.0,0.01,1.0,optimal,3.303038570968251e-05,0.0006409528197472297,0.014614948828691503,0.013973996008944273,0.7061156278423187,-0.007028125892713504,3.827153939586112,0.276798788044958,0.29175408453903245,0.2726421163537518,0.15880501106225772
0.4,0.1,0.01,1.0,optimal,3.303038570968251e-05,0.0008724674195836089,0.014252885615776806,0.013380418196193197,0.7061156278423187,-0.007028125892713504,3.827153939586112,0.276798788044958,0.29175408453903245,0.2726421163537518,0.15880501106225772
0.4,0.2,0.01,1.0,optimal,3.303038570968251e-05,0.001103982019419988,0.013890822402862109,0.01278684038344212,0.7061156278423187,-0.007028125892713504,3.827153939586112,0.276798788044958,0.29175408453903245,0.2726421163537518,0.15880501106225772
0.4,0.3,0.01,1.0,optimal,3.303038570968251e-05,0.0013354966192563671,0.013528759189947408,0.012193262570691041,0.7061156278423187,-0.007028125892713504,3.827153939586112,0.276798788044958,0.29175408453903245,0.2726421163537518,0.15880501106225772
0.4,0.4,0.01,1.0,optimal,3.303038570968251e-05,0.0015670112190927462,0.01316669597703271,0.011599684757939965,0.7061156278423187,-0.007028125892713504,3.827153939586112,0.276798788044958,0.29175408453903245,0.2726421163537518,0.15880501106225772
0.4,0.5,0.01,1.0,optimal,3.303038570968251e-05,0.0017985258189291253,0.012804632764118013,0.011006106945188889,0.7061156278423187,-0.007028125892713504,3.827153939586112,0.276798788044958,0.29175408453903245,0.2726421163537518,0.15880501106225772
0.4,0.6,0.01,1.0,optimal,3.303038570968251e-05,0.002030040418765505,0.012442569551203316,0.010412529132437811,0.7061156278423187,-0.007028125892713504,3.827153939586112,0.276798788044958,0.29175408453903245,0.2726421163537518,0.15880501106225772
0.4,0.7,0.01,1.0,optimal,3.303038570968251e-05,0.0022615550186018837,0.012080506338288617,0.009818951319686733,0.7061156278423187,-0.007028125892713504,3.827153939586112,0.276798788044958,0.29175408453903245,0.2726421163537518,0.15880501106225772
0.4,0.8,0.01,1.0,optimal,3.303038570968251e-05,0.002493069618438263,0.01171844312537392,0.009225373506935657,0.7061156278423187,-0.007028125892713504,3.827153939586112,0.276798788044958,0.29175408453903245,0.2726421163537518,0.15880501106225772
0.4,0.9,0.01,1.0,optimal,3.303038562010337e-05,0.002724584218352772,0.01135637991245922,0.008631795694106449,0.7061156278333609,-0.007028125892713506,3.827153939663154,0.2767987879131694,0.2917540846002179,0.2726421163957921,0.15880501109082068
0.4,1.0,0.01,1.0,optimal,3.303038562010337e-05,0.0029560988181996308,0.010994316699544524,0.008038217881344893,0.7061156278333609,-0.007028125892713506,3.827153939663154,0.2767987879131694,0.2917540846002179,0.2726421163957921,0.15880501109082068
0.5,0.0,0.01,1.0,optimal,0.00011493290346937179,0.0006427848077362407,0.014614948828691503,0.013972164020955262,0.7059409696406861,-0.006944476792937489,3.8376739735403214,0.2763713382774448,0.2884963540307941,0.2736606300964822,0.16147167759527908
0.5,0.1,0.01,1.0,optimal,0.00011493290346937179,0.0008747009688325103,0.014252885615776806,0.013378184646944296,0.7059409696406861,-0.006944476792937489,3.8376739735403214,0.2763713382774448,0.2884963540307941,0.2736606300964822,0.16147167759527908
0.5,0.2,0.01,1.0,optimal,0.00011493290346937179,0.0011066171299287798,0.013890822402862109,0.012784205272933329,0.7059409696406861,-0.006944476792937489,3.8376739735403214,0.2763713382774448,0.2884963540307941,0.2736606300964822,0.16147167759527908
0.5,0.3,0.01,1.0,optimal,0.00011493290346937179,0.0013385332910250496,0.013528759189947408,0.01219022589892236,0.7059409696406861,-0.006944476792937489,3.8376739735403214,0.2763713382774448,0.2884963540307941,0.2736606300964822,0.16147167759527908
0.5,0.4,0.01,1.0,optimal,0.00011493290346937179,0.0015704494521213194,0.01316669597703271,0.011596246524911391,0.7059409696406861,-0.006944476792937489,3.8376739735403214,0.2763713382774448,0.2884963540307941,0.2736606300964822,0.16147167759527908
0.5,0.5,0.01,1.0,optimal,0.00011493290346937179,0.001802365613217589,0.012804632764118013,0.011002267150900424,0.7059409696406861,-0.006944476792937489,3.8376739735403214,0.2763713382774448,0.2884963540307941,0.2736606300964822,0.16147167759527908
0.5,0.6,0.01,1.0,optimal,0.00011493290346937179,0.0020342817743138585,0.012442569551203316,0.010408287776889458,0.7059409696406861,-0.006944476792937489,3.8376739735403214,0.2763713382774448,0.2884963540307941,0.2736606300964822,0.16147167759527908
0.5,0.7,0.01,1.0,optimal,0.00011493290346937179,0.002266197935410128,0.012080506338288617,0.009814308402878488,0.7059409696406861,-0.006944476792937489,3.8376739735403214,0.2763713382774448,0.2884963540307941,0.2736606300964822,0.16147167759527908
0.5,0.8,0.01,1.0,optimal,0.00011493290346937179,0.0024981140965063976,0.01171844312537392,0.009220329028867522,0.7059409696406861,-0.006944476792937489,3.8376739735403214,0.2763713382774448,0.2884963540307941,0.2736606300964822,0.16147167759527908
0.5,0.9,0.01,1.0,optimal,0.00011493290341329615,0.002730030257651921,0.01135637991245922,0.0086263496548073,0.7059409696350781,-0.006944476792937485,3.837673973590346,0.27637133819573245,0.28849635406818097,0.2736606301227007,0.16147167761338588
0.5,1.0,0.01,1.0,optimal,0.00011493290341329615,0.0029619464187547453,0.010994316699544524,0.008032370280789777,0.7059409696350781,-0.006944476792937485,3.837673973590346,0.27637133819573245,0.28849635406818097,0.2736606301227007,0.16147167761338588
0.6,0.0,0.01,1.0,optimal,0.00019720648540514033,0.0006446167957277979,0.014614948828691503,0.013970332032963705,0.7057848646484766,-0.0068606421610796255,3.847690998276443,0.2759438885288188,0.28523862351336443,0.2746791438333063,0.1641383441245105
0.6,0.1,0.01,1.0,optimal,0.00019720648540514033,0.0008769345180825001,0.014252885615776806,0.013375951097694306,0.7057848646484766,-0.0068606421610796255,3.847690998276443,0.2759438885288188,0.28523862351336443,0.2746791438333063,0.1641383441245105
0.6,0.2,0.01,1.0,optimal,0.00019720648540514033,0.0011092522404372023,0.013890822402862109,0.012781570162424906,0.7057848646484766,-0.0068606421610796255,3.847690998276443,0.2759438885288188,0.28523862351336443,0.2746791438333063,0.1641383441245105
0.6,0.3,0.01,1.0,optimal,0.00019720648540514033,0.0013415699627919043,0.013528759189947408,0.012187189227155504,0.7057848646484766,-0.0068606421610796255,3.847690998276443,0.2759438885288188,0.28523862351336443,0.2746791438333063,0.1641383441245105
0.6,0.4,0.01,1.0,optimal,0.00019720648540514033,0.0015738876851466063,0.01316669597703271,0.011592808291886105,0.7057848646484766,-0.0068606421610796255,3.847690998276443,0.2759438885288188,0.28523862351336443,0.2746791438333063,0.1641383441245105
0.6,0.5,0.01,1.0,optimal,0.00019720648540514033,0.0018062054075013085,0.012804632764118013,0.010998427356616705,0.7057848646484766,-0.0068606421610796255,3.847690998276443,0.2759438885288188,0.28523862351336443,0.2746791438333063,0.1641383441245105
0.6,0.6,0.01,1.0,optimal,0.00019720648540514033,0.0020385231298560105,0.012442569551203316,0.010404046421347306,0.7057848646484766,-0.0068606421610796255,3.847690998276443,0.2759438885288188,0.28523862351336443,0.2746791438333063,0.1641383441245105
0.6,0.7,0.01,1.0,optimal,0.00019720648540514033,0.0022708408522107127,0.012080506338288617,0.009809665486077904,0.7057848646484766,-0.0068606421610796255,3.847690998276443,0.2759438885288188,0.28523862351336443,0.2746791438333063,0.1641383441245105
0.6,0.8,0.01,1.0,optimal,0.00019720648540514033,0.002503158574565415,0.01171844312537392,0.009215284550808505,0.7057848646484766,-0.0068606421610796255,3.847690998276443,0.2759438885288188,0.28523862351336443,0.2746791438333063,0.1641383441245105
0.6,0.9,0.01,1.0,optimal,0.00019720648537017361,0.00273547629695107,0.01135637991245922,0.00862090361550815,0.7057848646449797,-0.006860642161079623,3.8476909983086593,0.2759438884782957,0.2852386235361441,0.27467914384960923,0.16413834413595094
0.6,1.0,0.01,1.0,optimal,0.00019720648537017361,0.0029677940193098603,0.010994316699544524,0.008026522680234663,0.7057848646449797,-0.006860642161079623,3.8476909983086593,0.2759438884782957,0.2852386235361441,0.27467914384960923,0.16413834413595094
0.7,0.0,0.01,1.0,optimal,0.0002798511314907352,0.000646448783717414,0.014614948828691503,0.013968500044974089,0.7056473128630658,-0.006776621997139923,3.8571966735430507,0.2755164387608588,0.28198089300410745,0.2756976575765179,0.1668050106585161
0.7,0.1,0.01,1.0,optimal,0.0002798511314907352,0.0008791680673321703,0.014252885615776806,0.013373717548444635,0.7056473128630658,-0.006776621997139923,3.8571966735430507,0.2755164387608588,0.28198089300410745,0.2756976575765179,0.1668050106585161
0.7,0.2,0.01,1.0,optimal,0.0002798511314907352,0.0011118873509469265,0.013890822402862109,0.012778935051915182,0.7056473128630658,-0.006776621997139923,3.8571966735430507,0.2755164387608588,0.28198089300410745,0.2756976575765179,0.1668050106585161
0.7,0.3,0.01,1.0,optimal,0.0002798511314907352,0.0013446066345616826,0.013528759189947408,0.012184152555385725,0.7056473128630658,-0.006776621997139923,3.8571966735430507,0.2755164387608588,0.28198089300410745,0.2756976575765179,0.1668050106585161
0.7,0.4,0.01,1.0,optimal,0.0002798511314907352,0.0015773259181764386,0.01316669597703271,0.011589370058856272,0.7056473128630658,-0.006776621997139923,3.8571966735430507,0.2755164387608588,0.28198089300410745,0.2756976575765179,0.1668050106585161
0.7,0.5,0.01,1.0,optimal,0.0002798511314907352,0.0018100452017911952,0.012804632764118013,0.010994587562326819,0.7056473128630658,-0.006776621997139923,3.8571966735430507,0.2755164387608588,0.28198089300410745,0.2756976575765179,0.1668050106585161
0.7,0.6,0.01,1.0,optimal,0.0002798511314907352,0.0020427644854059514,0.012442569551203316,0.010399805065797366,0.7056473128630658,-0.006776621997139923,3.8571966735430507,0.2755164387608588,0.28198089300410745,0.2756976575765179,0.1668050106585161
0.7,0.7,0.01,1.0,optimal,0.0002798511314907352,0.0022754837690207074,0.012080506338288617,0.00980502256926791,0.7056473128630658,-0.006776621997139923,3.8571966735430507,0.2755164387608588,0.28198089300410745,0.2756976575765179,0.1668050106585161
0.7,0.8,0.01,1.0,optimal,0.0002798511314907352,0.002508203052635464,0.01171844312537392,0.009210240072738456,0.7056473128630658,-0.006776621997139923,3.8571966735430507,0.2755164387608588,0.28198089300410745,0.2756976575765179,0.1668050106585161
0.7,0.9,0.01,1.0,optimal,0.0002798511314907352,0.0027409223362502197,0.01135637991245922,0.008615457576209,0.7056473128630658,-0.006776621997139923,3.8571966735430507,0.2755164387608588,0.28198089300410745,0.2756976575765179,0.1668050106585161
0.7,1.0,0.01,1.0,optimal,0.0002798511314907352,0.002973641619864976,0.010994316699544524,0.008020675079679547,0.7056473128630658,-0.006776621997139923,3.8571966735430507,0.2755164387608588,0.28198089300410745,0.2756976575765179,0.1668050106585161
0.8,0.0,0.01,1.0,optimal,0.00036286684178842856,0.0006482807717149506,0.014614948828691503,0.013966668056976553,0.7055283142906805,-0.006692416301118376,3.86618302337264,0.27508898906258566,0.27872316246368084,0.2767161712971761,0.16947167717655753
0.8,0.1,0.01,1.0,optimal,0.00036286684178842856,0.0008814016165840954,0.014252885615776806,0.013371483999192711,0.7055283142906805,-0.006692416301118376,3.86618302337264,0.27508898906258566,0.27872316246368084,0.2767161712971761,0.16947167717655753
0.8,0.2,0.01,1.0,optimal,0.00036286684178842856,0.0011145224614532404,0.013890822402862109,0.012776299941408869,0.7055283142906805,-0.006692416301118376,3.86618302337264,0.27508898906258566,0.27872316246368084,0.2767161712971761,0.16947167717655753
0.8,0.3,0.01,1.0,optimal,0.00036286684178842856,0.0013476433063223851,0.013528759189947408,0.012181115883625023,0.7055283142906805,-0.006692416301118376,3.86618302337264,0.27508898906258566,0.27872316246368084,0.2767161712971761,0.16947167717655753
0.8,0.4,0.01,1.0,optimal,0.00036286684178842856,0.00158076415119153,0.01316669597703271,0.01158593182584118,0.7055283142906805,-0.006692416301118376,3.86618302337264,0.27508898906258566,0.27872316246368084,0.2767161712971761,0.16947167717655753
0.8,0.5,0.01,1.0,optimal,0.00036286684178842856,0.001813884996060675,0.012804632764118013,0.010990747768057339,0.7055283142906805,-0.006692416301118376,3.86618302337264,0.27508898906258566,0.27872316246368084,0.2767161712971761,0.16947167717655753
0.8,0.6,0.01,1.0,optimal,0.00036286684178842856,0.00204700584092982,0.012442569551203316,0.010395563710273496,0.7055283142906805,-0.006692416301118376,3.86618302337264,0.27508898906258566,0.27872316246368084,0.2767161712971761,0.16947167717655753
0.8,0.7,0.01,1.0,optimal,0.00036286684178842856,0.0022801266857989644,0.012080506338288617,0.009800379652489652,0.7055283142906805,-0.006692416301118376,3.86618302337264,0.27508898906258566,0.27872316246368084,0.2767161712971761,0.16947167717655753
0.8,0.8,0.01,1.0,optimal,0.00036286684178842856,0.0025132475306681094,0.01171844312537392,0.00920519559470581,0.7055283142906805,-0.006692416301118376,3.86618302337264,0.27508898906258566,0.27872316246368084,0.2767161712971761,0.16947167717655753
0.8,0.9,0.01,1.0,optimal,0.00036286684177498147,0.0027463683755493684,0.01135637991245922,0.008610011536909852,0.7055283142893354,-0.006692416301118373,3.8661830233857084,0.2750889890434216,0.2787231624720706,0.2767161713034267,0.16947167718108105
0.8,1.0,0.01,1.0,optimal,0.00036286684177498147,0.0029794892204200903,0.010994316699544524,0.008014827479124433,0.7055283142893354,-0.006692416301118373,3.8661830233857084,0.2750889890434216,0.2787231624720706,0.2767161713034267,0.16947167718108105
0.9,0.0,0.01,1.0,optimal,0.0004462536162229119,0.0006501127597083279,0.014614948828691503,0.013964836068983175,0.7054278689237897,-0.0066080250730149856,3.8746424525260443,0.27466153932598447,0.27546543194003353,0.2777346850303355,0.1721383437036465
0.9,0.1,0.01,1.0,optimal,0.0004462536162229119,0.0008836351658350159,0.014252885615776806,0.01336925044994179,0.7054278689237897,-0.0066080250730149856,3.8746424525260443,0.27466153932598447,0.27546543194003353,0.2777346850303355,0.1721383437036465
0.9,0.2,0.01,1.0,optimal,0.0004462536162229119,0.0011171575719617038,0.013890822402862109,0.012773664830900405,0.7054278689237897,-0.0066080250730149856,3.8746424525260443,0.27466153932598447,0.27546543194003353,0.2777346850303355,0.1721383437036465
0.9,0.3,0.01,1.0,optimal,0.0004462536162229119,0.0013506799780883913,0.013528759189947408,0.012178079211859016,0.7054278689237897,-0.0066080250730149856,3.8746424525260443,0.27466153932598447,0.27546543194003353,0.2777346850303355,0.1721383437036465
0.9,0.4,0.01,1.0,optimal,0.0004462536162229119,0.0015842023842150795,0.01316669597703271,0.011582493592817631,0.7054278689237897,-0.0066080250730149856,3.8746424525260443,0.27466153932598447,0.27546543194003353,0.2777346850303355,0.1721383437036465
0.9,0.5,0.01,1.0,optimal,0.0004462536162229119,0.0018177247903417672,0.012804632764118013,0.010986907973776246,0.7054278689237897,-0.0066080250730149856,3.8746424525260443,0.27466153932598447,0.27546543194003353,0.2777346850303355,0.1721383437036465
0.9,0.6,0.01,1.0,optimal,0.0004462536162229119,0.002051247196468455,0.012442569551203316,0.010391322354734861,0.7054278689237897,-0.0066080250730149856,3.8746424525260443,0.27466153932598447,0.27546543194003353,0.2777346850303355,0.1721383437036465
0.9,0.7,0.01,1.0,optimal,0.0004462536162229119,0.002284769602595143,0.012080506338288617,0.009795736735693474,0.7054278689237897,-0.0066080250730149856,3.8746424525260443,0.27466153932598447,0.27546543194003353,0.2777346850303355,0.1721383437036465
0.9,0.8,0.01,1.0,optimal,0.0004462536162229119,0.0025182920087218306,0.01171844312537392,0.00920015111665209,0.7054278689237897,-0.0066080250730149856,3.8746424525260443,0.27466153932598447,0.27546543194003353,0.2777346850303355,0.1721383437036465
0.9,0.9,0.01,1.0,optimal,0.0004462536162229119,0.0027518144148485184,0.01135637991245922,0.008604565497610702,0.7054278689237897,-0.0066080250730149856,3.8746424525260443,0.27466153932598447,0.27546543194003353,0.2777346850303355,0.1721383437036465
0.9,1.0,0.01,1.0,optimal,0.0004462536162229119,0.0029853368209752065,0.010994316699544524,0.008008979878569317,0.7054278689237897,-0.0066080250730149856,3.8746424525260443,0.27466153932598447,0.27546543194003353,0.2777346850303355,0.1721383437036465
1.0,0.0,0.01,1.0,optimal,0.0005300114550892853,0.0006519447477410736,0.014614948828691503,0.01396300408095043,0.7053459767919038,-0.006523448312829753,3.882567761620915,0.2742340899644652,0.27220770125326216,0.2787531986431583,0.17480501013911426
1.0,0.1,0.01,1.0,optimal,0.0005300114550892853,0.0008858687150941141,0.014252885615776806,0.013367016900682692,0.7053459767919038,-0.006523448312829753,3.882567761620915,0.2742340899644652,0.27220770125326216,0.2787531986431583,0.17480501013911426
1.0,0.2,0.01,1.0,optimal,0.0005300114550892853,0.0011197926824471547,0.013890822402862109,0.012771029720414955,0.7053459767919038,-0.006523448312829753,3.882567761620915,0.2742340899644652,0.27220770125326216,0.2787531986431583,0.17480501013911426
1.0,0.3,0.01,1.0,optimal,0.0005300114550892853,0.0013537166498001948,0.013528759189947408,0.012175042540147214,0.7053459767919038,-0.006523448312829753,3.882567761620915,0.2742340899644652,0.27220770125326216,0.2787531986431583,0.17480501013911426
1.0,0.4,0.01,1.0,optimal,0.0005300114550892853,0.0015876406171532354,0.01316669597703271,0.011579055359879475,0.7053459767919038,-0.006523448312829753,3.882567761620915,0.2742340899644652,0.27220770125326216,0.2787531986431583,0.17480501013911426
1.0,0.5,0.01,1.0,optimal,0.0005300114550892853,0.0018215645845062755,0.012804632764118013,0.010983068179611737,0.7053459767919038,-0.006523448312829753,3.882567761620915,0.2742340899644652,0.27220770125326216,0.2787531986431583,0.17480501013911426
1.0,0.6,0.01,1.0,optimal,0.0005300114550892853,0.0020554885518593163,0.012442569551203316,0.010387080999344,0.7053459767919038,-0.006523448312829753,3.882567761620915,0.2742340899644652,0.27220770125326216,0.2787531986431583,0.17480501013911426
1.0,0.7,0.01,1.0,optimal,0.0005300114550892853,0.0022894125192123565,0.012080506338288617,0.00979109381907626,0.7053459767919038,-0.006523448312829753,3.882567761620915,0.2742340899644652,0.27220770125326216,0.2787531986431583,0.17480501013911426
1.0,0.8,0.01,1.0,optimal,0.0005300114550892853,0.002523336486565397,0.01171844312537392,0.009195106638808523,0.7053459767919038,-0.006523448312829753,3.882567761620915,0.2742340899644652,0.27220770125326216,0.2787531986431583,0.17480501013911426
1.0,0.9,0.01,1.0,optimal,0.0005300114548345267,0.0027572604541476683,0.01135637991245922,0.008599119458311552,0.7053459767664282,-0.0065234483128297546,3.882567761875911,0.2742340896085475,0.2722077014079967,0.2787531987572441,0.17480501022621173
1.0,1.0,0.01,1.0,optimal,0.0005300114548345267,0.002991184421530322,0.010994316699544524,0.008003132278014202,0.7053459767664282,-0.0065234483128297546,3.882567761875911,0.2742340896085475,0.2722077014079967,0.2787531987572441,0.17480501022621173
