stock_code,annual_expected_return
000333,0.200964173734184
601318,0.187973974918013
000895,0.0747355032202623
601398,0.283662148554201
