stock_code,code_000333,code_601318,code_000895,code_601398
000333,0.05833837835554,0.0269757560445922,0.0139027947361979,0.00830308471263837
601318,0.0269757560445922,0.0702490405628595,0.0185504970467427,0.0153553986279432
000895,0.0139027947361979,0.0185504970467427,0.0350074827911823,0.0059881296982701
601398,0.00830308471263837,0.0153553986279432,0.0059881296982701,0.0337817089220159
